Date,EmpID,Engagement,Satisfaction,WorkLifeBalance,InEmployment
2022-10-10,1001,2,5,5,Yes
2023-08-03,1002,4,5,3,No
2023-01-03,1003,2,5,2,No
2023-07-30,1004,3,5,3,No
2023-06-19,1005,2,4,5,Yes
2023-05-03,1006,5,2,1,No
2023-07-18,1007,2,1,5,No
2023-06-21,1008,5,2,2,No
2023-06-06,1009,2,5,1,No
2022-09-15,1010,2,4,2,No
2022-12-08,1011,1,2,3,Yes
2023-01-13,1012,3,5,4,No
2022-12-13,1013,5,4,3,Yes
2023-06-28,1014,4,4,1,Yes
2023-07-11,1015,1,1,3,Yes
2022-12-09,1016,2,3,2,No
2023-07-16,1017,4,1,3,No
2023-06-21,1018,4,1,4,No
2023-06-21,1019,1,3,5,Yes
2023-08-01,1020,2,1,2,No
2023-03-09,1021,5,1,4,Yes
2023-02-12,1022,1,4,4,Yes
2023-01-17,1023,4,4,3,No
2022-10-12,1024,5,3,1,No
2023-01-24,1025,4,1,4,No
2022-10-09,1026,5,2,5,No
2023-04-05,1027,2,3,5,No
2023-03-26,1028,5,5,4,No
2022-11-07,1029,3,5,4,Yes
2023-01-03,1030,4,4,1,Yes
2023-02-27,1031,5,3,2,Yes
2023-05-22,1032,5,4,4,No
2023-07-02,1033,3,1,3,Yes
2023-07-09,1034,2,5,1,Yes
2023-07-19,1035,1,5,5,Yes
2022-08-09,1036,5,2,1,No
2022-11-25,1037,5,1,4,No
2023-03-10,1038,5,1,2,Yes
2022-12-03,1039,2,4,5,No
2022-09-27,1040,5,3,1,Yes
2023-01-19,1041,3,1,4,No
2023-02-17,1042,1,3,4,Yes
2023-02-25,1043,1,1,3,Yes
2022-11-26,1044,2,4,5,Yes
2022-08-08,1045,1,4,1,Yes
2023-02-18,1046,3,5,4,No
2023-05-12,1047,4,2,3,Yes
2022-10-19,1048,3,1,4,Yes
2023-07-27,1049,3,5,2,No
2023-07-03,1050,4,5,1,Yes
2023-01-01,1051,2,4,5,Yes
2022-11-19,1052,1,4,4,No
2022-10-12,1053,2,1,4,No
2023-07-05,1054,1,5,2,Yes
2022-09-23,1055,3,4,1,Yes
2023-01-17,1056,4,2,2,Yes
2023-03-12,1057,3,2,5,No
2023-03-06,1058,4,2,1,Yes
2023-03-29,1059,4,3,3,No
2023-07-01,1060,5,5,4,No
2023-02-05,1061,3,3,1,Yes
2023-01-03,1062,3,2,1,No
2023-07-25,1063,5,2,4,Yes
2022-12-14,1064,5,4,4,No
2023-01-20,1065,5,3,4,Yes
2023-07-15,1066,4,3,5,No
2023-06-10,1067,3,2,5,Yes
2022-10-09,1068,3,2,2,Yes
2023-02-04,1069,3,1,2,Yes
2023-03-05,1070,3,1,2,No
2023-05-15,1071,1,2,2,No
2023-02-18,1072,2,2,3,Yes
2023-02-16,1073,4,4,2,Yes
2023-02-10,1074,3,4,1,Yes
2023-04-10,1075,1,2,3,Yes
2023-04-11,1076,1,3,1,No
2022-10-12,1077,5,2,4,Yes
2023-07-28,1078,3,3,4,No
2022-10-08,1079,2,2,1,No
2023-03-04,1080,3,1,3,Yes
2023-03-03,1081,1,3,3,No
2023-02-27,1082,1,4,1,Yes
2023-01-09,1083,5,5,3,No
2023-02-19,1084,1,2,4,No
2023-01-09,1085,5,5,3,Yes
2023-03-14,1086,1,1,5,No
2023-05-03,1087,1,5,2,Yes
2023-04-20,1088,4,3,1,No
2023-04-19,1089,3,1,5,No
2023-05-16,1090,4,3,4,Yes
2023-04-22,1091,2,4,3,No
2023-03-08,1092,1,4,1,Yes
2023-03-05,1093,3,1,4,Yes
2023-01-22,1094,5,4,5,No
2023-03-17,1095,1,2,1,No
2022-12-17,1096,1,3,2,No
2022-10-31,1097,1,2,5,No
2022-12-28,1098,2,2,2,Yes
2023-08-04,1099,1,5,5,No
2022-09-10,1100,1,4,5,Yes
2023-03-21,1101,1,1,3,Yes
2023-03-02,1102,5,1,4,Yes
2022-11-06,1103,5,3,1,Yes
2022-12-21,1104,1,4,2,Yes
2023-02-15,1105,1,4,1,No
2023-01-31,1106,2,3,3,Yes
2022-10-18,1107,4,5,1,Yes
2023-07-24,1108,4,5,3,Yes
2022-10-16,1109,4,5,4,No
2023-02-23,1110,1,1,4,Yes
2023-05-11,1111,4,1,1,No
2023-07-06,1112,4,1,1,Yes
2023-04-09,1113,3,3,5,Yes
2023-03-03,1114,1,3,3,Yes
2023-03-11,1115,4,1,3,Yes
2022-12-16,1116,3,4,4,Yes
2023-07-29,1117,4,5,1,No
2023-02-22,1118,1,5,3,No
2023-04-16,1119,4,4,5,No
2023-06-05,1120,3,3,4,Yes
2023-01-21,1121,1,1,4,Yes
2022-12-04,1122,2,1,2,No
2023-06-10,1123,2,3,1,Yes
2023-02-27,1124,3,2,3,No
2023-03-17,1125,4,3,4,Yes
2023-04-23,1126,3,3,2,No
2023-01-27,1127,5,1,3,Yes
2023-02-18,1128,4,2,4,No
2022-10-31,1129,1,1,1,No
2023-05-07,1130,1,5,4,Yes
2023-05-11,1131,4,4,4,Yes
2023-07-15,1132,1,5,5,No
2023-06-15,1133,1,2,4,No
2022-12-29,1134,4,1,2,No
2023-02-23,1135,5,4,4,Yes
2023-04-09,1136,2,5,2,Yes
2022-11-12,1137,3,3,5,Yes
2022-10-19,1138,4,5,1,No
2022-08-27,1139,2,4,2,No
2023-05-04,1140,5,3,2,Yes
2022-12-26,1141,5,5,2,Yes
2023-06-21,1142,4,4,4,No
2022-12-13,1143,2,4,2,No
2022-11-03,1144,5,3,2,Yes
2022-10-24,1145,3,3,4,Yes
2022-09-21,1146,3,2,2,No
2023-03-19,1147,1,3,5,No
2023-04-02,1148,4,1,3,Yes
2022-11-03,1149,3,2,5,Yes
2022-12-28,1150,3,4,4,Yes
2022-12-12,1151,5,3,1,Yes
2022-12-14,1152,1,1,5,No
2023-02-28,1153,3,4,2,No
2023-06-09,1154,1,3,2,No
2022-08-25,1155,2,3,1,No
2023-05-12,1156,1,5,2,No
2023-06-06,1157,1,4,2,Yes
2023-03-17,1158,2,4,4,No
2023-02-18,1159,1,2,4,No
2022-08-20,1160,4,2,3,No
2023-04-09,1161,3,4,4,Yes
2022-10-05,1162,3,3,2,Yes
2022-12-14,1163,1,2,3,No
2022-10-23,1164,5,5,5,Yes
2023-01-09,1165,3,3,1,Yes
2023-02-27,1166,2,1,4,Yes
2023-05-22,1167,2,3,4,Yes
2022-08-28,1168,2,2,2,No
2023-08-03,1169,1,3,2,Yes
2023-02-05,1170,1,5,4,No
2023-06-24,1171,4,1,4,Yes
2023-06-19,1172,1,3,2,No
2023-06-16,1173,5,5,2,No
2023-03-06,1174,2,1,5,Yes
2023-04-22,1175,2,1,2,No
2022-10-17,1176,2,2,5,No
2022-08-12,1177,2,2,5,Yes
2023-05-03,1178,2,1,2,No
2023-07-10,1179,3,5,1,Yes
2023-05-15,1180,4,3,1,Yes
2023-07-05,1181,5,5,4,Yes
2022-08-25,1182,2,4,5,Yes
2023-03-07,1183,4,5,5,Yes
2022-10-03,1184,1,3,1,Yes
2022-08-13,1185,1,2,4,Yes
2023-05-12,1186,3,3,5,Yes
2022-11-19,1187,4,1,1,Yes
2023-07-16,1188,4,1,1,No
2023-07-19,1189,5,5,3,No
2023-04-07,1190,2,5,3,No
2023-07-13,1191,4,4,4,Yes
2022-12-24,1192,3,1,1,Yes
2022-08-15,1193,5,2,3,No
2022-12-04,1194,5,4,2,No
2023-01-30,1195,5,3,2,No
2023-06-02,1196,4,5,4,Yes
2022-11-09,1197,3,5,4,Yes
2022-12-12,1198,3,2,2,Yes
2023-06-27,1199,3,3,3,Yes
2023-04-19,1200,4,5,1,Yes
2023-02-23,1201,2,4,4,No
2022-08-14,1202,1,3,2,No
2022-10-03,1203,3,5,3,Yes
2023-06-22,1204,1,4,3,Yes
2023-04-07,1205,2,1,2,Yes
2022-10-17,1206,3,4,2,Yes
2022-08-06,1207,2,1,2,Yes
2022-08-18,1208,5,1,5,No
2023-05-28,1209,1,3,1,No
2022-10-24,1210,4,5,1,Yes
2023-03-16,1211,3,3,1,Yes
2023-01-31,1212,4,5,4,Yes
2022-09-28,1213,1,2,4,Yes
2023-06-02,1214,1,5,3,Yes
2022-10-25,1215,2,1,5,Yes
2022-09-09,1216,4,1,1,No
2022-08-23,1217,5,5,1,No
2023-02-27,1218,2,3,1,Yes
2023-07-17,1219,2,2,2,No
2023-05-08,1220,5,2,4,No
2022-08-17,1221,5,5,3,No
2023-03-31,1222,5,2,1,No
2023-05-07,1223,4,1,4,Yes
2023-05-20,1224,4,2,3,No
2022-11-05,1225,1,2,4,No
2023-04-04,1226,4,5,4,No
2022-12-12,1227,1,2,2,No
2023-01-21,1228,2,5,3,Yes
2023-05-20,1229,4,2,5,Yes
2022-11-30,1230,5,4,4,Yes
2023-03-13,1231,2,2,1,Yes
2022-08-22,1232,2,1,5,Yes
2023-05-01,1233,5,5,3,Yes
2022-12-11,1234,4,1,5,No
2023-03-23,1235,5,5,3,Yes
2023-07-25,1236,1,4,1,No
2023-07-11,1237,4,3,1,No
2022-12-29,1238,1,3,3,No
2022-10-07,1239,4,5,5,Yes
2023-08-02,1240,1,4,3,Yes
2023-01-16,1241,4,4,3,No
2023-07-28,1242,4,4,1,Yes
2023-05-04,1243,5,2,3,Yes
2022-08-17,1244,2,3,5,Yes
2022-09-23,1245,3,5,5,Yes
2023-01-12,1246,4,3,2,No
2022-11-13,1247,2,4,5,Yes
2022-12-05,1248,5,3,2,No
2022-12-22,1249,2,4,2,No
2023-04-26,1250,4,5,1,Yes
2022-12-03,1251,5,5,3,Yes
2023-06-10,1252,2,3,2,No
2023-01-10,1253,2,4,2,No
2023-06-18,1254,3,1,5,Yes
2022-11-03,1255,3,1,1,No
2022-10-24,1256,4,4,2,Yes
2023-07-19,1257,2,1,1,Yes
2023-04-16,1258,3,5,4,Yes
2022-10-17,1259,1,3,4,Yes
2023-02-21,1260,5,2,5,Yes
2023-07-13,1261,2,5,4,Yes
2022-12-16,1262,3,4,1,Yes
2023-01-24,1263,4,5,3,Yes
2023-04-21,1264,3,5,4,Yes
2023-06-28,1265,4,2,5,No
2023-03-29,1266,1,3,1,No
2023-04-25,1267,4,1,5,No
2023-04-18,1268,2,1,2,Yes
2022-09-19,1269,1,2,4,Yes
2023-03-16,1270,5,5,1,No
2023-01-13,1271,3,1,5,Yes
2022-10-31,1272,4,2,3,No
2023-02-26,1273,1,4,2,No
2023-03-19,1274,2,1,5,Yes
2022-08-19,1275,2,5,3,No
2023-06-01,1276,1,4,5,Yes
2023-08-01,1277,4,3,3,Yes
2023-05-28,1278,2,4,5,Yes
2022-10-11,1279,3,3,5,Yes
2022-11-12,1280,3,2,2,Yes
2023-05-31,1281,4,2,1,No
2022-10-04,1282,3,3,1,Yes
2022-11-19,1283,2,1,2,Yes
2022-11-24,1284,5,1,5,Yes
2023-07-05,1285,3,2,2,Yes
2023-04-13,1286,1,5,1,No
2023-07-30,1287,3,5,2,No
2023-07-15,1288,2,4,5,No
2023-05-09,1289,5,3,1,Yes
2023-04-12,1290,5,4,2,Yes
2023-05-24,1291,5,4,5,No
2023-03-21,1292,1,4,3,Yes
2023-03-15,1293,2,3,2,Yes
2023-08-03,1294,5,4,2,No
2023-02-18,1295,3,3,3,Yes
2023-02-07,1296,1,1,5,No
2022-08-10,1297,2,4,4,No
2022-12-06,1298,1,2,1,No
2023-07-02,1299,1,2,2,Yes
2022-10-07,1300,1,3,1,Yes
2023-01-21,1301,1,4,2,No
2023-06-04,1302,1,2,4,No
2023-01-01,1303,5,3,5,Yes
2023-04-11,1304,3,5,1,Yes
2023-02-22,1305,2,5,2,No
2022-11-12,1306,1,3,5,Yes
2022-11-18,1307,1,5,1,No
2022-08-28,1308,4,5,2,Yes
2022-09-07,1309,1,1,3,Yes
2023-04-24,1310,3,4,3,Yes
2023-03-09,1311,5,2,3,No
2022-09-25,1312,2,5,2,Yes
2023-07-18,1313,5,4,1,Yes
2023-03-28,1314,5,5,3,Yes
2022-11-29,1315,5,1,1,Yes
2023-07-20,1316,3,4,3,No
2023-05-05,1317,4,2,2,No
2023-05-21,1318,5,4,2,No
2023-06-14,1319,4,2,5,No
2023-01-12,1320,5,1,5,Yes
2023-04-30,1321,1,5,5,No
2023-01-17,1322,1,5,2,No
2023-05-02,1323,5,1,5,Yes
2022-11-16,1324,5,3,3,Yes
2022-12-17,1325,1,5,3,Yes
2023-03-04,1326,5,3,1,No
2023-03-23,1327,5,3,4,Yes
2022-11-07,1328,1,4,3,No
2023-05-23,1329,3,2,5,No
2022-09-25,1330,3,5,2,Yes
2023-05-16,1331,3,2,5,Yes
2023-04-13,1332,1,2,5,No
2023-01-29,1333,3,4,5,Yes
2022-12-21,1334,1,3,1,No
2022-10-09,1335,4,5,5,Yes
2023-03-09,1336,5,1,4,Yes
2022-11-01,1337,3,3,4,No
2022-10-20,1338,1,1,1,Yes
2022-12-02,1339,1,3,2,No
2023-05-28,1340,5,4,4,No
2023-05-15,1341,1,3,4,Yes
2022-12-20,1342,3,2,2,No
2022-09-07,1343,1,2,3,Yes
2022-08-23,1344,1,4,5,No
2022-08-28,1345,2,4,4,No
2023-04-28,1346,4,2,3,No
2023-02-28,1347,4,3,1,No
2022-11-01,1348,2,2,4,No
2023-04-21,1349,1,2,3,No
2023-03-05,1350,3,4,5,Yes
2023-01-18,1351,4,1,5,Yes
2023-06-03,1352,4,2,1,No
2022-10-11,1353,5,1,5,No
2023-06-21,1354,4,4,2,No
2023-01-28,1355,2,2,3,No
2022-08-14,1356,1,1,1,No
2023-01-30,1357,1,4,3,No
2023-02-25,1358,1,2,5,No
2023-01-09,1359,4,5,1,Yes
2023-03-31,1360,5,2,1,Yes
2023-03-30,1361,1,3,2,Yes
2023-01-11,1362,5,2,5,No
2023-06-19,1363,5,2,2,No
2023-05-03,1364,2,2,4,No
2022-10-08,1365,5,1,2,Yes
2022-08-17,1366,1,4,2,Yes
2023-07-20,1367,1,4,3,Yes
2022-10-04,1368,2,2,2,Yes
2023-03-08,1369,2,4,3,Yes
2023-07-19,1370,1,2,1,Yes
2023-05-19,1371,1,1,2,No
2023-07-30,1372,3,1,4,Yes
2023-06-12,1373,1,2,5,No
2023-02-08,1374,5,5,4,Yes
2022-09-28,1375,1,3,2,Yes
2023-06-12,1376,4,3,5,No
2023-03-05,1377,5,5,4,No
2023-02-03,1378,1,4,5,Yes
2023-02-28,1379,5,2,5,Yes
2022-12-27,1380,1,1,2,Yes
2023-07-10,1381,2,2,1,Yes
2022-11-30,1382,2,1,1,Yes
2022-09-02,1383,4,1,5,Yes
2023-05-05,1384,2,3,4,No
2022-09-11,1385,3,1,3,Yes
2023-03-18,1386,2,4,5,No
2023-03-29,1387,5,1,2,Yes
2023-07-15,1388,5,2,4,No
2023-02-25,1389,4,4,3,Yes
2023-01-23,1390,2,3,4,Yes
2022-08-11,1391,4,1,1,Yes
2022-09-19,1392,4,4,3,No
2023-06-17,1393,4,4,4,No
2023-07-07,1394,1,2,2,Yes
2023-05-31,1395,4,1,2,No
2023-07-07,1396,2,1,3,No
2023-03-31,1397,3,2,3,No
2023-04-07,1398,1,1,1,No
2023-03-07,1399,1,4,4,No
2023-05-17,1400,2,3,3,No
2022-11-04,1401,2,5,3,Yes
2023-07-13,1402,2,4,4,Yes
2022-12-25,1403,1,3,2,Yes
2023-02-18,1404,1,2,2,No
2023-04-29,1405,3,3,3,No
2023-05-15,1406,4,1,5,Yes
2023-02-16,1407,3,3,1,No
2023-06-07,1408,3,3,3,Yes
2023-05-17,1409,2,2,1,No
2023-04-02,1410,2,2,4,Yes
2023-06-25,1411,5,4,5,Yes
2023-06-16,1412,4,3,5,Yes
2022-10-31,1413,4,3,2,Yes
2022-08-13,1414,1,4,4,No
2022-09-16,1415,2,2,1,Yes
2023-05-11,1416,5,4,3,Yes
2022-12-31,1417,3,5,2,Yes
2022-11-25,1418,2,1,3,Yes
2023-02-11,1419,4,2,1,No
2023-06-12,1420,1,2,4,Yes
2022-09-03,1421,3,5,5,Yes
2023-04-10,1422,1,5,2,No
2023-03-23,1423,2,5,5,Yes
2022-09-03,1424,4,4,5,No
2022-09-06,1425,2,3,1,Yes
2023-07-11,1426,4,5,5,No
2023-02-09,1427,1,2,3,Yes
2023-06-04,1428,3,5,2,Yes
2023-03-23,1429,1,4,3,No
2022-09-15,1430,2,2,2,No
2022-10-28,1431,2,1,1,Yes
2022-10-13,1432,4,3,4,Yes
2022-08-06,1433,5,1,3,No
2022-10-21,1434,1,2,3,Yes
2023-03-23,1435,4,2,3,Yes
2023-07-09,1436,1,2,2,Yes
2023-01-06,1437,4,5,5,Yes
2023-01-21,1438,1,4,1,No
2022-11-29,1439,3,1,3,Yes
2022-11-02,1440,3,1,4,No
2023-04-07,1441,1,1,5,No
2023-01-11,1442,2,4,2,Yes
2023-06-12,1443,5,2,3,Yes
2022-12-21,1444,5,5,3,Yes
2022-11-17,1445,2,2,4,No
2023-06-15,1446,1,1,5,No
2022-08-17,1447,4,4,1,No
2022-10-23,1448,1,1,3,Yes
2022-08-11,1449,4,2,2,No
2023-04-22,1450,5,1,2,No
2022-12-27,1451,4,3,4,No
2022-08-14,1452,4,4,5,Yes
2022-09-12,1453,1,5,1,No
2023-07-28,1454,2,2,1,No
2023-07-04,1455,2,2,4,Yes
2022-08-31,1456,2,1,5,No
2023-07-02,1457,2,1,1,Yes
2023-02-06,1458,2,2,4,Yes
2022-09-10,1459,5,2,5,Yes
2023-02-23,1460,2,3,1,No
2023-04-09,1461,1,1,2,No
2022-08-31,1462,4,5,5,No
2023-03-13,1463,5,4,5,Yes
2023-07-04,1464,2,5,1,Yes
2023-06-02,1465,1,1,3,No
2022-12-05,1466,1,4,5,Yes
2022-08-13,1467,3,4,2,No
2023-04-21,1468,3,1,3,Yes
2023-02-23,1469,4,2,4,Yes
2023-03-21,1470,1,4,1,Yes
2022-12-23,1471,3,4,2,No
2022-09-02,1472,2,4,1,Yes
2022-12-11,1473,5,2,1,Yes
2022-09-22,1474,2,1,3,No
2023-07-25,1475,2,3,3,No
2022-12-21,1476,1,4,1,No
2023-02-24,1477,5,5,3,No
2022-11-22,1478,1,1,3,Yes
2022-08-23,1479,3,4,2,Yes
2023-02-16,1480,5,1,4,Yes
2023-07-24,1481,3,5,3,Yes
2023-04-23,1482,1,1,1,Yes
2022-08-19,1483,3,5,4,No
2022-12-25,1484,5,2,1,Yes
2022-12-14,1485,1,2,1,Yes
2023-03-05,1486,5,5,2,Yes
2023-05-20,1487,4,4,2,No
2023-03-14,1488,2,2,4,No
2022-10-13,1489,3,5,2,Yes
2023-03-06,1490,2,3,4,Yes
2023-03-29,1491,1,3,3,Yes
2023-04-17,1492,4,5,2,Yes
2022-12-06,1493,2,2,4,Yes
2023-05-06,1494,5,5,5,No
2022-12-30,1495,3,3,4,Yes
2023-07-09,1496,2,3,3,No
2023-07-29,1497,5,4,5,Yes
2022-12-28,1498,1,5,3,No
2022-11-28,1499,4,2,3,No
2023-07-24,1500,1,4,4,Yes
2023-05-08,1501,5,4,4,No
2023-06-08,1502,5,3,5,No
2022-10-24,1503,2,2,4,No
2022-10-23,1504,5,3,2,No
2022-11-02,1505,2,5,4,Yes
2023-05-08,1506,2,3,2,No
2023-01-19,1507,1,2,1,Yes
2022-10-07,1508,4,3,2,No
2022-09-25,1509,5,1,3,Yes
2023-04-06,1510,2,3,3,Yes
2022-09-17,1511,2,3,2,No
2023-04-18,1512,4,5,2,No
2022-11-18,1513,5,3,5,Yes
2023-05-08,1514,1,3,2,Yes
2022-12-14,1515,2,3,1,Yes
2023-07-16,1516,1,5,3,Yes
2023-01-22,1517,4,5,3,No
2022-09-28,1518,4,4,2,Yes
2023-02-25,1519,1,3,1,No
2023-04-05,1520,2,2,5,No
2023-06-11,1521,4,1,3,No
2022-12-03,1522,3,4,5,Yes
2022-09-20,1523,4,4,3,Yes
2023-01-17,1524,4,1,2,No
2022-10-29,1525,2,4,1,No
2023-01-20,1526,2,3,3,Yes
2023-06-02,1527,1,1,3,No
2023-02-25,1528,5,5,2,Yes
2023-04-28,1529,3,1,3,Yes
2022-10-31,1530,1,2,3,No
2022-08-23,1531,5,5,3,No
2023-08-04,1532,5,2,2,No
2023-06-27,1533,1,3,2,No
2022-08-12,1534,1,1,5,Yes
2022-12-08,1535,4,2,1,Yes
2023-03-19,1536,5,3,5,Yes
2022-08-06,1537,5,2,4,Yes
2022-11-11,1538,2,4,5,No
2023-01-22,1539,4,4,5,No
2023-01-24,1540,2,4,2,Yes
2022-12-26,1541,1,4,1,Yes
2023-07-31,1542,5,4,4,Yes
2023-01-07,1543,4,1,1,No
2023-06-20,1544,5,1,5,No
2022-08-21,1545,2,4,2,Yes
2023-05-26,1546,3,1,5,No
2022-09-24,1547,4,4,4,Yes
2023-06-14,1548,1,4,4,Yes
2023-07-07,1549,2,3,1,Yes
2023-03-04,1550,2,3,3,No
2023-07-08,1551,4,4,2,No
2023-05-31,1552,3,2,4,No
2023-01-12,1553,3,1,5,Yes
2023-06-08,1554,1,3,3,No
2022-12-19,1555,5,1,2,Yes
2022-10-07,1556,4,5,2,No
2022-08-19,1557,4,1,2,No
2022-10-09,1558,3,5,2,Yes
2023-02-04,1559,3,1,3,No
2023-01-23,1560,1,2,4,No
2023-04-01,1561,5,1,3,Yes
2023-04-21,1562,3,2,1,No
2023-04-23,1563,1,4,3,No
2022-12-20,1564,4,1,4,No
2023-06-16,1565,5,4,5,No
2023-07-25,1566,1,4,1,No
2023-04-12,1567,4,2,4,No
2022-10-04,1568,1,2,3,No
2023-03-08,1569,1,3,1,Yes
2022-08-07,1570,1,4,5,No
2023-06-04,1571,3,2,4,Yes
2022-10-17,1572,2,4,3,No
2023-06-10,1573,1,1,3,Yes
2023-06-10,1574,4,3,2,No
2022-11-16,1575,2,3,2,No
2023-05-07,1576,5,2,3,No
2023-03-29,1577,5,2,1,Yes
2023-02-03,1578,5,5,1,Yes
2023-04-15,1579,1,3,1,Yes
2023-04-23,1580,1,1,5,Yes
2022-12-11,1581,1,3,5,Yes
2022-11-04,1582,2,1,5,No
2023-06-27,1583,3,3,3,No
2023-03-18,1584,4,1,4,Yes
2022-12-23,1585,5,4,4,Yes
2023-07-16,1586,3,3,4,Yes
2023-06-27,1587,4,5,3,Yes
2023-07-21,1588,1,5,5,Yes
2023-04-26,1589,2,1,1,No
2023-04-20,1590,5,1,3,Yes
2023-05-10,1591,4,3,1,Yes
2023-06-06,1592,1,1,4,Yes
2022-10-02,1593,1,4,1,Yes
2022-12-08,1594,1,1,4,Yes
2023-01-12,1595,3,4,3,No
2023-02-10,1596,4,4,1,No
2023-07-23,1597,2,1,4,No
2023-05-28,1598,2,5,5,Yes
2022-09-13,1599,4,5,2,Yes
2023-04-28,1600,5,3,2,Yes
2023-01-05,1601,4,2,5,Yes
2023-04-01,1602,2,1,3,No
2022-08-31,1603,2,5,1,No
2023-01-28,1604,1,5,1,Yes
2023-05-08,1605,2,3,3,No
2023-06-28,1606,5,4,3,Yes
2023-03-18,1607,3,5,5,Yes
2022-12-11,1608,2,4,3,Yes
2023-04-13,1609,5,5,4,No
2022-10-23,1610,4,5,5,No
2023-05-21,1611,1,2,2,No
2022-12-13,1612,5,5,3,Yes
2022-09-07,1613,4,2,1,No
2023-04-10,1614,1,4,2,Yes
2023-07-27,1615,1,1,3,Yes
2023-01-29,1616,3,4,1,Yes
2023-02-08,1617,5,1,2,Yes
2022-11-16,1618,2,5,4,Yes
2023-01-05,1619,4,2,2,No
2022-10-30,1620,5,3,2,Yes
2023-05-21,1621,4,1,3,No
2023-04-29,1622,1,5,5,No
2022-12-18,1623,1,2,2,No
2023-07-24,1624,5,1,3,No
2022-08-16,1625,5,2,2,Yes
2023-01-11,1626,3,4,5,No
2022-08-06,1627,4,4,1,No
2023-04-12,1628,4,4,2,No
2022-09-23,1629,1,2,4,Yes
2023-02-25,1630,4,3,2,No
2023-06-24,1631,2,4,1,Yes
2023-03-12,1632,5,4,4,Yes
2022-12-09,1633,4,3,2,No
2023-01-13,1634,2,3,1,No
2022-12-19,1635,4,4,2,Yes
2022-10-14,1636,4,5,2,No
2022-10-20,1637,4,1,2,No
2023-05-08,1638,2,4,5,No
2022-10-12,1639,1,2,1,No
2022-12-19,1640,2,4,1,No
2023-03-18,1641,5,4,4,Yes
2023-04-14,1642,3,2,2,No
2022-08-23,1643,5,3,4,No
2023-04-01,1644,3,1,1,No
2022-09-26,1645,5,5,5,Yes
2023-01-20,1646,2,2,1,No
2023-02-16,1647,4,2,5,No
2022-12-16,1648,4,4,5,Yes
2023-07-28,1649,3,1,2,Yes
2023-03-29,1650,5,1,3,No
2022-11-01,1651,4,4,4,Yes
2023-06-09,1652,1,4,4,No
2022-12-02,1653,2,4,5,No
2023-06-11,1654,2,3,3,No
2022-09-25,1655,3,1,2,No
2022-09-30,1656,1,4,5,Yes
2023-07-29,1657,1,5,1,Yes
2022-08-07,1658,2,1,2,Yes
2023-07-11,1659,4,5,5,No
2023-06-17,1660,5,5,1,No
2023-02-25,1661,5,4,4,Yes
2023-05-17,1662,2,4,5,Yes
2023-03-10,1663,4,2,4,Yes
2023-02-12,1664,2,1,1,Yes
2022-08-23,1665,4,2,3,Yes
2022-08-12,1666,3,3,4,Yes
2022-10-24,1667,1,3,5,Yes
2022-10-01,1668,2,1,3,No
2022-09-13,1669,3,1,2,Yes
2022-08-11,1670,2,2,2,Yes
2023-07-08,1671,5,3,5,No
2022-10-08,1672,1,3,4,Yes
2022-08-19,1673,3,5,5,Yes
2022-10-04,1674,1,5,5,Yes
2023-01-25,1675,4,1,4,No
2023-03-27,1676,2,5,1,No
2023-03-10,1677,5,4,5,Yes
2023-06-21,1678,2,1,1,No
2023-08-01,1679,5,4,3,No
2023-03-01,1680,5,4,5,No
2023-05-30,1681,2,3,4,No
2023-04-15,1682,5,3,4,Yes
2022-12-29,1683,2,4,4,No
2022-12-30,1684,2,4,3,No
2023-01-18,1685,1,4,2,No
2023-02-06,1686,2,4,2,No
2023-08-03,1687,3,4,5,Yes
2022-11-12,1688,1,4,5,Yes
2023-04-26,1689,5,3,5,No
2022-11-12,1690,3,1,5,No
2022-11-30,1691,3,1,2,Yes
2023-06-25,1692,2,2,1,No
2022-12-18,1693,3,5,1,No
2022-08-31,1694,3,5,3,No
2023-05-25,1695,3,3,3,No
2023-05-27,1696,4,4,1,Yes
2022-10-15,1697,1,5,2,No
2023-03-21,1698,3,5,4,No
2023-04-25,1699,2,4,3,No
2023-05-04,1700,5,2,4,Yes
2023-04-29,1701,5,3,2,No
2023-01-20,1702,4,1,2,Yes
2023-02-16,1703,1,1,4,Yes
2023-04-06,1704,4,4,3,Yes
2023-04-02,1705,4,4,1,Yes
2023-06-19,1706,3,2,5,No
2022-10-21,1707,5,4,3,Yes
2023-01-29,1708,4,5,4,No
2023-05-10,1709,5,4,2,No
2023-07-03,1710,1,2,3,No
2023-05-05,1711,5,1,4,No
2023-05-12,1712,3,2,3,Yes
2022-10-11,1713,4,4,5,Yes
2023-02-27,1714,1,2,3,Yes
2023-04-16,1715,2,2,5,No
2023-01-15,1716,2,1,1,No
2023-03-06,1717,4,2,5,No
2023-07-19,1718,5,4,5,Yes
2023-03-29,1719,2,3,1,Yes
2023-07-10,1720,4,3,2,Yes
2023-06-30,1721,5,4,4,No
2023-03-16,1722,2,2,4,Yes
2022-09-16,1723,5,1,5,No
2022-09-22,1724,4,2,2,No
2023-04-09,1725,2,4,5,Yes
2023-06-14,1726,3,5,3,Yes
2022-12-22,1727,4,2,4,No
2023-08-01,1728,1,4,2,Yes
2023-02-15,1729,1,1,2,No
2023-07-03,1730,2,4,4,Yes
2023-06-23,1731,1,4,1,No
2022-10-24,1732,1,5,4,No
2022-10-26,1733,4,5,3,No
2023-04-04,1734,4,1,4,Yes
2023-05-10,1735,4,4,5,No
2023-04-21,1736,3,1,3,No
2023-03-30,1737,4,5,2,Yes
2022-11-13,1738,4,1,2,No
2022-10-10,1739,2,5,1,Yes
2022-09-20,1740,5,4,4,No
2022-08-22,1741,3,4,2,No
2023-05-20,1742,5,5,3,Yes
2023-04-20,1743,4,1,5,Yes
2023-05-02,1744,2,1,4,Yes
2022-11-14,1745,4,4,3,Yes
2023-06-20,1746,4,3,4,No
2023-03-28,1747,1,4,4,No
2023-02-12,1748,3,2,4,No
2022-08-05,1749,1,4,5,Yes
2022-11-13,1750,1,2,5,Yes
2022-08-24,1751,4,4,1,No
2022-12-11,1752,2,1,2,No
2023-05-30,1753,5,3,3,No
2022-12-29,1754,5,5,1,Yes
2022-10-17,1755,4,1,1,Yes
2023-06-27,1756,2,4,4,Yes
2022-08-18,1757,5,4,5,Yes
2022-08-18,1758,5,3,5,Yes
2022-09-16,1759,5,2,4,Yes
2023-03-16,1760,5,3,2,No
2023-02-20,1761,3,2,1,No
2023-03-19,1762,3,3,5,No
2022-08-18,1763,4,2,4,No
2023-03-13,1764,2,3,5,Yes
2022-12-24,1765,5,5,2,Yes
2023-05-23,1766,1,5,2,No
2022-08-09,1767,4,1,1,No
2023-02-11,1768,3,3,3,Yes
2023-02-10,1769,4,3,5,No
2023-02-24,1770,1,3,5,Yes
2023-06-03,1771,3,2,1,Yes
2023-01-01,1772,3,4,5,No
2022-11-20,1773,5,5,2,Yes
2022-12-09,1774,1,1,2,Yes
2023-05-10,1775,4,2,3,No
2023-01-16,1776,3,2,3,No
2023-02-02,1777,1,3,1,No
2022-11-19,1778,3,5,4,Yes
2022-08-22,1779,5,3,4,No
2023-06-03,1780,2,3,2,No
2022-09-27,1781,2,2,4,Yes
2023-07-07,1782,3,4,1,No
2023-04-21,1783,5,2,4,Yes
2023-02-23,1784,2,3,1,No
2022-08-08,1785,4,4,5,No
2023-06-03,1786,4,2,1,No
2023-02-23,1787,2,5,3,No
2023-08-04,1788,2,5,1,Yes
2022-10-07,1789,4,3,1,No
2022-10-11,1790,4,5,4,No
2022-09-18,1791,4,5,3,Yes
2022-09-12,1792,2,3,5,Yes
2022-09-04,1793,1,1,2,Yes
2023-05-17,1794,4,4,2,Yes
2023-06-10,1795,5,1,4,No
2022-11-23,1796,3,5,2,Yes
2023-05-03,1797,3,3,5,No
2023-01-27,1798,3,2,4,Yes
2023-04-28,1799,2,5,3,Yes
2023-02-03,1800,4,3,5,No
2023-06-02,1801,3,4,3,No
2023-05-21,1802,4,2,5,Yes
2023-01-19,1803,1,3,1,Yes
2023-04-14,1804,3,3,5,No
2023-07-09,1805,3,3,1,No
2022-08-05,1806,1,2,5,Yes
2023-02-03,1807,1,4,4,Yes
2023-04-25,1808,5,2,4,No
2023-04-07,1809,5,2,1,Yes
2023-07-06,1810,5,1,4,Yes
2022-09-11,1811,2,5,1,Yes
2022-12-05,1812,4,2,5,Yes
2023-06-03,1813,3,5,3,Yes
2023-04-15,1814,3,3,1,Yes
2022-10-23,1815,1,4,5,Yes
2023-04-03,1816,4,3,1,Yes
2023-02-28,1817,3,1,5,No
2023-06-25,1818,3,1,3,Yes
2022-12-11,1819,3,1,1,Yes
2023-03-23,1820,5,4,3,No
2022-11-03,1821,1,2,1,No
2022-08-27,1822,5,2,2,Yes
2023-05-12,1823,4,4,3,No
2023-03-15,1824,3,1,1,No
2022-10-27,1825,1,3,3,Yes
2022-09-28,1826,3,2,5,No
2022-09-25,1827,1,3,5,No
2022-11-27,1828,3,3,2,No
2022-08-19,1829,2,1,2,Yes
2023-07-12,1830,1,4,1,Yes
2023-03-25,1831,2,2,2,Yes
2022-08-06,1832,1,2,4,Yes
2023-01-23,1833,4,3,2,Yes
2022-12-08,1834,4,5,1,No
2023-04-11,1835,5,2,2,No
2022-10-06,1836,1,4,3,Yes
2023-01-01,1837,1,3,3,Yes
2023-07-01,1838,2,1,1,Yes
2023-04-28,1839,3,3,3,No
2022-08-24,1840,5,1,4,Yes
2023-03-30,1841,3,5,3,Yes
2022-12-07,1842,1,4,4,Yes
2023-07-31,1843,1,5,4,Yes
2022-12-20,1844,2,1,4,Yes
2023-06-18,1845,1,2,5,No
2023-06-21,1846,5,4,1,Yes
2022-11-23,1847,5,2,3,No
2023-04-10,1848,2,4,5,Yes
2022-09-20,1849,2,4,4,Yes
2023-05-09,1850,3,1,2,No
2023-03-01,1851,1,1,4,No
2023-05-02,1852,3,4,1,Yes
2022-08-27,1853,4,3,5,Yes
2023-07-29,1854,1,2,5,No
2023-01-31,1855,3,3,3,Yes
2023-03-14,1856,2,3,3,Yes
2022-08-21,1857,1,4,1,Yes
2022-10-26,1858,2,4,1,No
2023-02-17,1859,4,2,5,No
2023-03-21,1860,1,4,3,No
2022-09-22,1861,1,2,4,Yes
2023-03-11,1862,5,4,4,Yes
2023-07-04,1863,5,2,2,No
2022-12-10,1864,3,2,1,No
2023-01-12,1865,1,3,4,Yes
2022-10-12,1866,3,5,2,No
2023-05-08,1867,1,5,2,No
2023-02-26,1868,5,3,3,Yes
2022-08-31,1869,1,2,3,Yes
2022-09-13,1870,2,5,3,No
2022-12-12,1871,1,4,3,Yes
2023-04-17,1872,1,2,5,Yes
2022-08-14,1873,5,2,3,No
2023-05-04,1874,2,4,4,Yes
2023-08-05,1875,3,1,4,No
2023-01-09,1876,4,2,1,Yes
2022-09-08,1877,2,3,2,Yes
2023-01-13,1878,5,3,3,Yes
2023-08-05,1879,2,3,4,No
2023-04-13,1880,5,1,2,No
2022-09-18,1881,3,5,3,Yes
2023-07-07,1882,1,4,2,No
2022-10-09,1883,3,4,2,No
2023-04-14,1884,1,3,3,Yes
2022-09-14,1885,1,2,4,Yes
2023-01-18,1886,3,2,5,Yes
2023-05-07,1887,2,3,3,Yes
2023-07-23,1888,1,5,1,Yes
2022-10-06,1889,5,4,4,Yes
2023-05-12,1890,1,3,2,Yes
2022-12-22,1891,2,5,2,Yes
2023-01-11,1892,3,3,3,Yes
2023-06-08,1893,2,3,4,Yes
2023-06-01,1894,3,1,5,Yes
2022-10-18,1895,4,5,2,No
2023-01-17,1896,1,1,3,No
2022-09-05,1897,2,4,5,Yes
2023-07-18,1898,4,5,5,No
2023-06-28,1899,2,4,5,No
2023-07-02,1900,2,2,5,Yes
2023-06-22,1901,4,1,5,Yes
2023-07-27,1902,2,5,3,No
2022-12-17,1903,5,5,2,No
2022-12-09,1904,5,1,4,Yes
2023-04-15,1905,5,2,1,Yes
2022-12-28,1906,1,4,5,Yes
2023-01-18,1907,2,4,5,Yes
2023-01-26,1908,4,2,5,Yes
2022-11-23,1909,3,5,2,Yes
2022-11-05,1910,1,4,1,Yes
2023-04-08,1911,3,4,3,No
2023-04-02,1912,2,5,1,No
2023-01-21,1913,5,4,2,Yes
2023-02-23,1914,4,4,5,No
2023-07-11,1915,2,3,5,No
2022-12-25,1916,3,4,3,Yes
2022-10-31,1917,5,2,3,Yes
2022-10-01,1918,3,5,5,No
2023-05-22,1919,2,3,3,No
2022-09-23,1920,2,5,3,No
2023-02-01,1921,3,2,5,Yes
2023-04-29,1922,1,1,3,Yes
2023-07-29,1923,3,4,4,No
2022-09-05,1924,3,5,1,No
2023-04-21,1925,1,5,3,No
2022-08-20,1926,3,4,2,Yes
2022-12-13,1927,3,2,1,Yes
2022-08-24,1928,4,5,5,Yes
2022-12-09,1929,4,1,3,No
2022-12-27,1930,3,3,4,No
2023-04-16,1931,2,3,4,Yes
2023-01-17,1932,5,5,2,No
2023-05-24,1933,2,4,5,Yes
2022-08-25,1934,2,5,2,No
2023-04-20,1935,5,1,4,Yes
2022-10-11,1936,3,3,5,No
2022-08-11,1937,4,5,4,Yes
2022-09-15,1938,1,4,3,Yes
2023-06-13,1939,4,5,3,Yes
2022-08-20,1940,3,4,5,No
2022-09-16,1941,3,5,4,Yes
2022-11-08,1942,2,4,2,Yes
2022-09-22,1943,5,5,4,Yes
2022-12-12,1944,1,4,1,Yes
2023-02-10,1945,1,3,4,No
2023-01-05,1946,3,5,1,Yes
2023-06-28,1947,1,3,3,Yes
2023-03-16,1948,2,1,5,No
2022-09-07,1949,5,3,4,Yes
2022-09-17,1950,3,2,1,No
2023-04-20,1951,4,1,3,No
2023-06-09,1952,2,5,2,Yes
2023-04-07,1953,4,5,4,Yes
2023-03-16,1954,1,1,5,No
2022-08-27,1955,2,3,4,Yes
2023-01-23,1956,1,5,4,Yes
2023-03-17,1957,5,2,2,No
2022-10-05,1958,4,2,5,Yes
2023-01-04,1959,5,3,4,No
2023-01-06,1960,3,4,1,Yes
2022-12-21,1961,2,3,1,No
2022-09-05,1962,2,4,1,No
2022-08-23,1963,2,5,3,No
2022-11-21,1964,5,5,5,No
2023-02-15,1965,3,1,1,Yes
2022-10-29,1966,4,3,2,Yes
2023-02-26,1967,4,2,4,Yes
2022-12-27,1968,1,4,2,Yes
2023-04-20,1969,4,3,3,No
2023-03-06,1970,5,4,4,No
2023-05-27,1971,3,2,1,Yes
2023-03-15,1972,2,2,3,No
2022-08-30,1973,4,2,3,Yes
2023-01-17,1974,4,1,3,Yes
2023-03-24,1975,4,4,3,Yes
2023-04-25,1976,1,5,1,Yes
2023-03-18,1977,2,5,4,Yes
2023-06-08,1978,3,5,1,Yes
2023-07-17,1979,1,4,5,No
2023-05-17,1980,5,4,5,Yes
2023-03-23,1981,5,4,3,Yes
2023-06-24,1982,3,5,5,Yes
2022-08-16,1983,2,5,1,Yes
2022-08-07,1984,5,2,2,Yes
2023-03-04,1985,5,5,2,No
2022-09-17,1986,1,4,2,Yes
2023-07-18,1987,5,1,3,Yes
2023-02-10,1988,1,3,5,No
2023-05-04,1989,4,2,5,Yes
2022-08-31,1990,3,1,1,No
2023-01-26,1991,2,1,3,Yes
2023-02-06,1992,4,3,3,No
2022-12-10,1993,5,2,4,No
2022-10-04,1994,5,5,1,Yes
2023-04-23,1995,4,3,1,Yes
2023-08-01,1996,3,5,2,No
2023-02-16,1997,3,3,2,No
2022-09-07,1998,2,4,3,Yes
2023-07-12,1999,3,2,2,No
2022-10-25,2000,1,3,3,No
2023-02-09,2001,5,3,5,No
2023-03-11,2002,1,4,2,Yes
2023-06-19,2003,5,5,1,No
2023-05-05,2004,3,3,4,Yes
2022-11-04,2005,2,1,2,Yes
2022-10-21,2006,5,5,2,Yes
2023-07-28,2007,4,1,5,Yes
2023-03-17,2008,1,2,2,No
2023-02-27,2009,5,2,2,Yes
2023-02-17,2010,4,4,4,Yes
2023-01-27,2011,3,2,2,No
2023-07-26,2012,2,3,2,No
2023-03-07,2013,4,5,4,No
2022-08-07,2014,2,5,4,Yes
2022-08-13,2015,4,3,1,No
2023-05-31,2016,1,3,5,Yes
2023-07-11,2017,2,5,4,Yes
2022-10-31,2018,5,2,1,Yes
2023-03-21,2019,2,1,4,Yes
2022-11-28,2020,2,1,4,No
2022-08-28,2021,1,3,4,No
2022-11-11,2022,5,3,5,Yes
2022-10-10,2023,3,4,4,No
2022-10-25,2024,2,1,5,No
2023-05-02,2025,1,2,4,No
2023-03-22,2026,2,4,4,No
2023-06-15,2027,3,1,3,Yes
2022-10-01,2028,4,4,4,No
2022-09-30,2029,2,5,1,Yes
2023-04-07,2030,4,1,5,No
2023-02-09,2031,1,3,1,Yes
2023-07-02,2032,5,2,4,No
2022-10-10,2033,4,1,5,Yes
2023-01-30,2034,2,4,1,Yes
2023-01-11,2035,4,2,3,No
2023-03-18,2036,4,3,4,Yes
2023-01-28,2037,2,5,4,No
2023-02-18,2038,5,3,2,Yes
2022-10-06,2039,5,2,2,Yes
2023-04-23,2040,1,2,5,Yes
2023-06-19,2041,1,1,5,Yes
2023-06-24,2042,5,2,1,Yes
2023-06-07,2043,1,3,3,Yes
2022-11-14,2044,5,1,5,Yes
2023-06-05,2045,3,1,4,Yes
2023-03-03,2046,2,2,4,Yes
2022-08-24,2047,3,5,3,No
2022-11-25,2048,2,5,4,Yes
2023-06-06,2049,3,1,3,Yes
2023-04-03,2050,5,4,5,No
2022-08-12,2051,5,2,4,Yes
2023-07-06,2052,1,4,4,No
2023-06-23,2053,5,3,1,Yes
2023-02-04,2054,4,5,3,No
2022-10-28,2055,5,4,2,Yes
2023-07-12,2056,3,4,1,No
2023-05-06,2057,4,1,3,Yes
2023-05-29,2058,5,5,4,No
2023-05-09,2059,4,4,5,No
2023-06-26,2060,5,5,5,Yes
2023-05-26,2061,2,4,3,Yes
2022-09-05,2062,4,1,2,Yes
2023-04-06,2063,4,5,3,Yes
2023-03-13,2064,1,3,5,No
2023-01-13,2065,5,4,4,Yes
2022-10-08,2066,1,5,1,No
2023-03-14,2067,5,2,1,Yes
2022-08-22,2068,4,3,5,Yes
2023-07-22,2069,3,1,5,Yes
2023-02-23,2070,3,4,5,Yes
2022-09-15,2071,2,1,5,No
2022-09-21,2072,5,4,1,No
2023-02-12,2073,1,2,2,No
2023-07-05,2074,3,2,4,Yes
2023-02-27,2075,4,5,2,Yes
2023-01-07,2076,5,5,1,No
2023-07-26,2077,4,1,1,No
2022-10-21,2078,5,5,2,No
2023-03-03,2079,4,2,3,Yes
2023-02-12,2080,4,1,4,Yes
2023-02-21,2081,1,1,4,Yes
2023-01-01,2082,4,2,4,Yes
2023-06-26,2083,2,2,4,Yes
2023-05-26,2084,3,2,2,Yes
2022-10-13,2085,3,4,4,No
2022-08-05,2086,5,4,3,No
2022-11-14,2087,4,4,1,No
2022-12-21,2088,2,1,2,Yes
2023-06-16,2089,5,3,3,No
2023-07-23,2090,3,4,3,Yes
2023-02-21,2091,3,1,1,Yes
2023-07-24,2092,1,2,3,Yes
2023-02-01,2093,2,3,1,No
2022-08-25,2094,2,5,5,No
2023-07-21,2095,5,3,1,No
2023-05-28,2096,3,4,4,No
2022-08-30,2097,2,1,4,No
2023-02-01,2098,2,4,1,Yes
2023-03-26,2099,1,4,5,Yes
2023-01-09,2100,1,1,1,Yes
2023-01-10,2101,4,4,2,Yes
2023-07-16,2102,1,1,3,Yes
2023-02-16,2103,1,4,5,Yes
2023-06-10,2104,1,4,3,Yes
2023-07-24,2105,3,4,2,Yes
2022-10-28,2106,5,5,1,Yes
2022-11-25,2107,4,1,1,No
2023-04-10,2108,1,2,4,No
2023-04-04,2109,3,3,5,Yes
2022-11-13,2110,1,4,2,Yes
2023-04-26,2111,2,3,1,No
2023-02-01,2112,4,3,1,No
2022-08-31,2113,5,1,5,Yes
2023-02-08,2114,5,4,1,Yes
2023-01-25,2115,5,2,1,Yes
2023-05-11,2116,1,4,2,Yes
2022-11-16,2117,2,3,2,Yes
2023-03-20,2118,3,2,4,Yes
2023-05-27,2119,1,2,3,Yes
2022-09-05,2120,4,4,1,Yes
2023-01-29,2121,4,1,3,Yes
2023-01-25,2122,3,3,2,No
2022-10-29,2123,3,5,3,Yes
2023-04-21,2124,4,1,5,Yes
2022-09-23,2125,4,5,3,Yes
2023-04-14,2126,3,4,4,No
2023-08-01,2127,2,2,3,Yes
2023-04-01,2128,1,3,1,Yes
2022-09-30,2129,5,5,2,Yes
2023-03-30,2130,3,5,2,Yes
2022-12-28,2131,1,2,1,No
2022-12-15,2132,2,3,3,Yes
2023-03-02,2133,2,3,2,Yes
2023-02-27,2134,4,2,5,Yes
2023-08-02,2135,2,2,4,No
2023-02-18,2136,2,2,2,No
2022-10-14,2137,1,3,3,No
2022-08-22,2138,1,5,2,Yes
2023-05-05,2139,1,4,4,Yes
2023-05-11,2140,4,5,4,Yes
2022-11-14,2141,2,3,3,Yes
2023-05-06,2142,2,5,1,No
2022-12-14,2143,2,1,1,No
2023-06-09,2144,2,5,4,Yes
2023-05-19,2145,3,3,5,Yes
2023-02-24,2146,3,1,1,Yes
2022-11-03,2147,2,1,2,No
2023-06-12,2148,1,1,2,Yes
2023-05-21,2149,5,3,5,Yes
2022-11-26,2150,2,1,1,No
2023-04-11,2151,4,4,4,Yes
2023-03-30,2152,3,1,4,Yes
2023-01-19,2153,3,5,3,Yes
2023-05-18,2154,1,3,2,Yes
2023-03-13,2155,1,2,4,No
2023-03-03,2156,5,1,3,No
2022-12-10,2157,4,2,5,No
2023-01-04,2158,2,4,3,No
2022-09-20,2159,1,1,1,No
2023-01-20,2160,1,1,5,Yes
2023-05-27,2161,1,4,3,Yes
2023-02-17,2162,3,5,4,Yes
2023-01-12,2163,5,5,4,Yes
2022-12-09,2164,3,1,3,Yes
2022-10-28,2165,5,3,3,No
2023-01-16,2166,2,2,1,Yes
2022-09-03,2167,2,4,2,No
2023-01-08,2168,5,1,4,Yes
2023-04-18,2169,5,2,4,No
2023-01-30,2170,1,5,2,Yes
2023-03-16,2171,1,3,2,No
2023-03-17,2172,2,4,1,Yes
2023-02-13,2173,1,4,3,No
2022-12-25,2174,1,1,5,Yes
2023-03-16,2175,1,3,3,No
2023-04-29,2176,2,1,1,Yes
2022-10-17,2177,4,2,1,Yes
2022-09-11,2178,4,1,5,No
2023-06-16,2179,1,3,1,No
2023-05-29,2180,4,4,4,No
2023-02-04,2181,2,1,4,No
2023-04-12,2182,1,1,2,Yes
2022-12-13,2183,4,4,2,Yes
2023-03-09,2184,2,4,4,Yes
2022-11-07,2185,4,5,5,No
2022-09-17,2186,4,1,1,No
2023-01-14,2187,2,1,5,Yes
2023-01-25,2188,5,4,2,Yes
2022-08-19,2189,1,2,4,Yes
2023-03-31,2190,5,2,3,No
2023-04-11,2191,2,2,3,Yes
2022-12-26,2192,5,3,4,Yes
2023-07-10,2193,2,2,3,No
2022-10-02,2194,1,4,1,Yes
2022-11-30,2195,1,5,1,No
2023-08-01,2196,5,2,3,No
2023-04-15,2197,2,3,1,No
2023-07-13,2198,2,4,2,No
2023-06-03,2199,4,3,4,Yes
2022-12-16,2200,3,1,5,Yes
2023-06-24,2201,5,1,5,Yes
2023-06-24,2202,5,4,5,Yes
2022-08-29,2203,1,4,1,No
2022-10-01,2204,5,2,3,No
2022-09-05,2205,2,3,5,Yes
2022-08-24,2206,2,4,3,No
2023-03-29,2207,3,3,1,Yes
2023-03-07,2208,5,3,3,Yes
2023-04-01,2209,2,2,5,Yes
2023-01-09,2210,1,5,3,No
2023-02-01,2211,1,5,3,Yes
2023-07-26,2212,4,1,5,No
2023-05-05,2213,1,4,2,Yes
2023-02-26,2214,1,1,5,No
2023-04-24,2215,1,5,5,No
2023-04-13,2216,4,5,2,Yes
2022-10-05,2217,2,1,2,No
2022-10-10,2218,4,1,5,Yes
2023-03-29,2219,5,2,2,Yes
2023-03-02,2220,3,3,5,Yes
2023-04-28,2221,1,5,1,Yes
2022-09-14,2222,2,3,5,No
2023-05-23,2223,1,1,4,Yes
2023-02-02,2224,2,1,3,Yes
2022-08-21,2225,1,2,2,No
2023-01-28,2226,4,4,5,No
2022-09-18,2227,2,3,4,Yes
2023-01-20,2228,3,2,2,No
2023-04-22,2229,3,1,1,Yes
2023-06-09,2230,1,5,5,Yes
2023-01-04,2231,1,2,2,Yes
2022-11-19,2232,4,5,2,No
2022-10-03,2233,5,1,1,Yes
2022-08-23,2234,1,1,4,No
2022-09-10,2235,3,5,3,Yes
2022-12-29,2236,2,1,2,No
2023-06-08,2237,2,5,2,No
2023-03-28,2238,4,4,3,No
2022-12-31,2239,1,3,4,No
2022-08-22,2240,2,4,5,Yes
2023-01-30,2241,4,4,4,Yes
2023-02-26,2242,3,2,4,No
2023-06-26,2243,1,3,5,No
2023-03-01,2244,4,2,1,Yes
2023-07-08,2245,2,4,4,No
2023-03-20,2246,3,4,5,No
2023-02-16,2247,3,4,4,Yes
2023-05-24,2248,1,5,5,Yes
2023-05-29,2249,3,5,5,No
2023-05-29,2250,4,2,1,No
2022-09-18,2251,4,4,4,Yes
2022-09-28,2252,1,3,3,Yes
2023-06-26,2253,5,1,2,Yes
2022-12-14,2254,3,2,5,Yes
2023-05-12,2255,1,4,4,No
2023-07-14,2256,5,5,4,Yes
2023-07-25,2257,4,3,5,No
2023-04-03,2258,2,5,4,Yes
2023-01-09,2259,1,2,5,Yes
2023-08-05,2260,3,1,4,No
2022-11-17,2261,2,1,5,Yes
2023-04-27,2262,4,4,3,Yes
2022-11-28,2263,3,1,4,Yes
2022-11-08,2264,1,2,3,No
2023-03-08,2265,2,4,2,Yes
2023-04-27,2266,5,3,2,No
2023-03-09,2267,1,3,3,No
2023-07-03,2268,2,3,2,No
2023-02-14,2269,5,5,1,No
2023-03-18,2270,4,4,3,No
2023-03-21,2271,5,4,4,Yes
2022-08-05,2272,5,5,3,No
2022-10-26,2273,5,2,3,No
2022-08-13,2274,2,5,1,Yes
2022-10-24,2275,5,4,3,Yes
2022-09-16,2276,5,2,2,No
2022-11-25,2277,3,4,4,Yes
2022-08-21,2278,5,4,2,Yes
2023-05-28,2279,2,5,1,Yes
2023-02-23,2280,4,2,5,Yes
2022-09-24,2281,1,4,2,Yes
2022-11-02,2282,1,5,3,Yes
2022-10-20,2283,4,2,1,No
2022-10-11,2284,1,4,4,Yes
2023-05-22,2285,4,3,3,Yes
2023-01-20,2286,4,4,4,No
2022-11-11,2287,4,4,2,Yes
2023-07-09,2288,5,1,4,No
2023-03-12,2289,2,5,3,Yes
2023-04-14,2290,4,1,3,Yes
2022-08-20,2291,3,4,1,Yes
2022-11-15,2292,5,1,1,Yes
2023-06-19,2293,5,3,1,No
2022-08-30,2294,4,4,4,Yes
2022-11-26,2295,3,5,4,Yes
2023-06-15,2296,4,4,5,Yes
2022-09-14,2297,5,4,1,No
2022-11-04,2298,3,2,1,No
2022-08-18,2299,2,1,2,Yes
2022-10-08,2300,5,1,2,Yes
2023-07-26,2301,3,1,4,No
2023-04-12,2302,2,5,3,No
2023-02-01,2303,5,5,1,Yes
2023-06-29,2304,5,1,2,Yes
2023-05-26,2305,4,5,5,No
2023-04-25,2306,3,4,3,Yes
2023-07-22,2307,5,2,3,Yes
2023-03-11,2308,1,2,3,No
2023-01-03,2309,2,5,5,Yes
2022-10-04,2310,4,1,3,Yes
2023-03-15,2311,5,3,2,No
2023-04-02,2312,1,4,3,Yes
2023-04-04,2313,5,2,3,Yes
2023-06-23,2314,4,1,3,Yes
2022-08-10,2315,4,3,2,Yes
2022-09-06,2316,4,2,5,Yes
2023-02-07,2317,2,2,1,Yes
2022-12-20,2318,2,1,5,Yes
2023-03-29,2319,5,4,3,No
2023-02-12,2320,5,1,3,Yes
2022-11-07,2321,4,2,5,No
2022-08-20,2322,4,3,4,No
2022-11-21,2323,2,1,3,No
2023-06-24,2324,1,2,4,No
2022-12-27,2325,4,4,1,Yes
2023-04-19,2326,3,1,4,Yes
2023-03-29,2327,4,1,2,Yes
2022-09-02,2328,1,4,3,Yes
2022-09-02,2329,2,3,1,Yes
2022-09-11,2330,3,4,5,Yes
2022-12-11,2331,2,5,3,No
2022-11-02,2332,1,1,1,No
2023-04-19,2333,5,4,2,Yes
2022-12-01,2334,3,3,5,No
2023-03-24,2335,1,5,5,Yes
2022-08-10,2336,5,1,5,Yes
2023-07-09,2337,1,4,3,Yes
2022-09-09,2338,2,3,5,No
2023-03-22,2339,3,1,5,No
2023-05-23,2340,4,5,3,No
2022-10-14,2341,1,5,2,Yes
2023-07-24,2342,1,4,3,Yes
2022-11-22,2343,1,3,4,Yes
2023-02-08,2344,2,5,5,No
2023-01-14,2345,2,1,5,Yes
2023-02-06,2346,5,3,1,No
2023-01-09,2347,2,3,2,Yes
2022-10-12,2348,4,4,2,Yes
2022-11-05,2349,5,5,1,No
2022-08-24,2350,1,4,5,Yes
2023-02-21,2351,3,3,5,No
2023-07-11,2352,2,3,3,No
2022-10-17,2353,2,4,3,Yes
2023-06-10,2354,5,1,1,No
2022-11-15,2355,1,1,4,No
2023-03-07,2356,4,1,1,No
2022-11-12,2357,1,2,3,No
2022-09-07,2358,5,3,3,Yes
2023-07-08,2359,4,4,3,No
2023-02-07,2360,4,4,3,No
2023-02-12,2361,4,4,2,Yes
2023-01-21,2362,5,4,5,No
2023-07-16,2363,2,5,1,No
2023-02-02,2364,4,2,4,Yes
2022-09-07,2365,1,1,1,Yes
2023-04-30,2366,4,2,5,No
2022-10-26,2367,3,2,5,No
2022-11-06,2368,5,2,1,Yes
2023-02-18,2369,5,2,4,No
2022-10-03,2370,1,2,4,No
2023-01-10,2371,2,1,5,Yes
2023-08-02,2372,3,4,5,No
2023-07-21,2373,3,5,5,No
2023-01-16,2374,1,2,1,No
2022-08-14,2375,2,4,2,Yes
2022-12-07,2376,5,2,4,No
2022-12-31,2377,1,2,1,Yes
2023-07-04,2378,2,5,3,Yes
2023-07-01,2379,2,5,1,No
2022-10-25,2380,2,1,3,No
2023-02-15,2381,2,3,3,Yes
2022-11-19,2382,4,3,4,No
2022-11-21,2383,5,3,5,Yes
2022-09-03,2384,2,2,2,Yes
2023-01-15,2385,2,1,3,Yes
2022-12-16,2386,1,4,3,Yes
2023-01-06,2387,1,2,5,No
2023-06-06,2388,5,2,4,Yes
2023-06-06,2389,1,4,2,No
2022-10-18,2390,1,5,4,No
2023-06-22,2391,3,3,3,No
2023-06-19,2392,4,3,2,Yes
2023-05-12,2393,3,2,2,No
2022-11-18,2394,4,1,1,Yes
2023-02-23,2395,1,1,4,Yes
2022-12-14,2396,3,4,2,No
2022-09-08,2397,2,5,2,No
2023-01-07,2398,4,3,3,No
2022-11-29,2399,1,4,2,No
2023-03-28,2400,4,4,3,Yes
2022-12-23,2401,1,1,3,Yes
2022-10-29,2402,3,2,2,No
2022-11-07,2403,3,3,3,No
2023-05-01,2404,3,3,1,No
2023-07-25,2405,4,1,2,No
2023-02-24,2406,1,4,4,Yes
2022-09-23,2407,3,5,5,Yes
2022-08-26,2408,2,5,5,Yes
2023-01-11,2409,3,3,3,Yes
2023-05-03,2410,4,4,1,Yes
2023-01-23,2411,2,3,3,Yes
2023-04-10,2412,5,4,5,No
2022-11-08,2413,4,2,2,No
2022-09-05,2414,1,1,5,Yes
2023-02-08,2415,1,2,5,No
2022-11-01,2416,4,5,1,Yes
2022-09-17,2417,2,3,4,Yes
2023-03-08,2418,3,2,5,Yes
2022-12-22,2419,2,2,1,Yes
2023-05-07,2420,4,3,1,Yes
2023-04-03,2421,1,3,5,Yes
2022-10-18,2422,5,4,5,No
2023-04-06,2423,3,3,5,Yes
2023-02-25,2424,2,1,4,No
2023-03-28,2425,2,2,2,Yes
2022-10-21,2426,5,5,3,Yes
2023-04-14,2427,2,2,1,No
2022-11-30,2428,2,5,5,No
2022-11-06,2429,3,4,2,No
2022-09-22,2430,2,1,1,No
2022-10-31,2431,4,2,5,Yes
2023-07-30,2432,1,1,2,No
2022-08-05,2433,1,5,3,No
2022-08-14,2434,5,2,5,No
2023-01-29,2435,1,3,2,No
2022-11-04,2436,1,3,3,No
2022-10-17,2437,3,5,2,Yes
2022-11-09,2438,4,1,4,Yes
2022-08-15,2439,4,3,5,Yes
2023-03-08,2440,2,5,2,Yes
2022-10-17,2441,2,4,2,Yes
2023-01-26,2442,2,1,5,No
2022-08-17,2443,4,3,5,Yes
2023-08-05,2444,1,1,5,Yes
2022-11-20,2445,3,4,5,Yes
2023-06-09,2446,1,2,5,No
2023-02-01,2447,5,3,4,No
2023-04-14,2448,2,2,5,No
2023-01-28,2449,4,5,3,No
2023-01-21,2450,5,3,2,No
2023-03-17,2451,5,3,1,Yes
2022-09-02,2452,3,3,1,No
2022-12-23,2453,3,3,3,No
2022-09-24,2454,1,4,3,Yes
2023-06-11,2455,3,3,1,Yes
2022-09-22,2456,4,5,3,Yes
2023-04-27,2457,3,2,3,Yes
2022-09-19,2458,5,3,1,No
2022-10-14,2459,5,5,5,No
2023-03-24,2460,3,4,2,No
2022-12-03,2461,3,2,4,Yes
2023-05-09,2462,4,1,2,No
2022-12-04,2463,3,5,5,Yes
2023-02-18,2464,2,3,2,Yes
2023-01-06,2465,3,3,1,No
2022-09-14,2466,2,4,1,Yes
2022-08-14,2467,1,1,4,Yes
2023-03-23,2468,5,4,3,Yes
2023-04-13,2469,2,1,5,Yes
2022-10-21,2470,5,5,2,Yes
2023-01-23,2471,5,5,3,Yes
2023-06-22,2472,5,2,3,No
2022-09-16,2473,4,4,3,No
2023-06-12,2474,4,5,2,No
2023-05-18,2475,1,4,1,No
2023-03-18,2476,3,5,5,Yes
2023-01-09,2477,4,4,3,Yes
2023-01-30,2478,4,4,1,Yes
2022-10-31,2479,2,1,2,No
2023-02-12,2480,3,2,3,Yes
2022-08-07,2481,2,5,1,Yes
2023-01-19,2482,4,2,5,No
2023-03-08,2483,5,1,3,Yes
2023-06-01,2484,1,2,2,Yes
2023-05-14,2485,3,5,5,No
2022-12-31,2486,1,1,5,Yes
2023-05-06,2487,1,1,4,Yes
2023-01-10,2488,2,4,5,No
2022-09-22,2489,1,3,2,Yes
2023-01-25,2490,2,2,4,Yes
2023-02-23,2491,4,5,2,Yes
2023-01-02,2492,3,2,5,Yes
2023-01-23,2493,1,3,1,Yes
2022-11-06,2494,1,1,1,Yes
2023-01-10,2495,5,1,2,Yes
2022-12-15,2496,2,3,3,Yes
2022-10-27,2497,5,2,5,No
2023-07-05,2498,5,3,5,No
2023-05-01,2499,5,5,3,Yes
2023-07-01,2500,1,3,5,Yes
2023-01-21,2501,1,5,3,Yes
2023-07-21,2502,3,3,5,Yes
2022-12-06,2503,1,1,1,No
2022-10-22,2504,1,5,3,No
2022-10-30,2505,3,2,3,Yes
2022-09-04,2506,3,3,2,Yes
2023-07-31,2507,2,3,4,No
2023-07-01,2508,1,4,1,Yes
2023-03-10,2509,1,2,3,No
2022-09-10,2510,2,2,2,Yes
2023-06-24,2511,4,3,1,No
2022-09-02,2512,1,4,2,No
2023-03-28,2513,5,2,4,No
2023-06-10,2514,5,2,2,Yes
2023-03-28,2515,1,1,1,Yes
2023-05-15,2516,5,1,5,Yes
2023-07-05,2517,5,5,1,No
2022-12-28,2518,4,2,1,No
2022-09-03,2519,3,5,5,Yes
2023-02-06,2520,2,1,1,Yes
2023-06-07,2521,4,4,4,Yes
2022-08-13,2522,3,3,2,No
2023-02-17,2523,1,1,3,Yes
2023-07-10,2524,3,3,4,Yes
2023-07-23,2525,2,5,1,No
2022-10-22,2526,1,1,1,Yes
2022-10-28,2527,3,4,5,Yes
2023-07-10,2528,2,4,2,No
2022-12-08,2529,4,5,1,Yes
2023-07-18,2530,4,1,1,No
2022-08-28,2531,2,5,4,No
2023-03-26,2532,1,1,4,Yes
2022-08-20,2533,1,1,3,Yes
2022-10-15,2534,2,2,5,No
2022-08-06,2535,2,5,2,Yes
2022-12-16,2536,2,1,2,No
2023-07-26,2537,4,5,4,No
2022-10-02,2538,5,4,5,Yes
2022-12-08,2539,4,2,3,Yes
2023-04-16,2540,3,4,4,No
2023-07-22,2541,3,4,3,Yes
2022-09-21,2542,2,1,3,No
2023-07-06,2543,3,4,3,No
2023-07-07,2544,2,3,2,Yes
2023-02-12,2545,3,2,3,Yes
2022-11-06,2546,4,4,5,No
2023-05-26,2547,2,5,1,Yes
2022-08-07,2548,2,5,3,No
2023-01-18,2549,4,3,5,Yes
2023-01-01,2550,3,1,1,No
2022-09-03,2551,4,2,2,No
2022-10-19,2552,3,2,3,No
2022-10-16,2553,2,2,2,Yes
2022-12-29,2554,5,1,4,Yes
2023-05-14,2555,5,1,4,No
2023-02-01,2556,4,1,3,No
2022-09-04,2557,1,3,1,Yes
2022-12-15,2558,2,4,5,No
2023-07-10,2559,3,5,3,Yes
2022-10-19,2560,5,1,5,No
2023-04-15,2561,3,5,4,Yes
2023-04-17,2562,1,4,3,No
2022-09-24,2563,2,2,4,Yes
2022-12-11,2564,1,4,4,No
2022-08-17,2565,2,5,4,Yes
2023-05-19,2566,3,2,2,Yes
2022-08-17,2567,4,3,5,No
2023-06-22,2568,3,5,2,Yes
2023-05-28,2569,3,4,3,No
2023-04-15,2570,3,3,1,Yes
2023-06-19,2571,3,3,5,No
2022-10-19,2572,1,1,2,Yes
2023-04-24,2573,1,4,3,No
2023-03-20,2574,3,1,4,No
2023-05-26,2575,4,3,4,No
2022-11-19,2576,2,4,1,No
2022-09-18,2577,5,2,4,No
2023-06-17,2578,4,5,3,Yes
2023-08-05,2579,3,4,4,Yes
2022-10-28,2580,1,2,4,No
2023-02-20,2581,2,3,4,Yes
2022-09-20,2582,3,2,5,Yes
2023-05-20,2583,5,5,3,Yes
2023-07-20,2584,4,4,5,Yes
2023-05-03,2585,5,1,4,Yes
2022-11-04,2586,2,4,2,Yes
2022-11-24,2587,4,4,4,No
2022-12-12,2588,5,1,5,Yes
2022-11-25,2589,2,5,1,Yes
2022-08-28,2590,1,1,4,No
2023-07-28,2591,4,5,5,Yes
2023-06-27,2592,5,1,2,Yes
2023-04-04,2593,3,1,2,No
2022-12-04,2594,1,5,3,No
2022-12-18,2595,3,5,4,Yes
2023-06-06,2596,4,1,2,No
2023-05-08,2597,4,5,4,Yes
2023-05-21,2598,5,3,2,Yes
2023-03-31,2599,1,4,2,Yes
2022-09-28,2600,5,2,4,Yes
2022-10-06,2601,3,5,5,No
2023-02-10,2602,5,5,2,No
2022-12-04,2603,4,1,4,No
2023-01-23,2604,1,1,2,No
2023-02-25,2605,3,4,3,Yes
2022-12-23,2606,1,5,1,Yes
2023-02-26,2607,3,1,2,Yes
2022-08-07,2608,1,4,5,Yes
2023-04-29,2609,3,3,4,No
2022-11-04,2610,5,1,2,Yes
2023-06-25,2611,5,3,1,No
2023-03-26,2612,2,2,5,No
2023-03-04,2613,2,1,2,Yes
2022-11-19,2614,5,1,1,Yes
2022-12-05,2615,5,1,3,Yes
2022-09-12,2616,3,1,3,No
2022-12-23,2617,4,4,2,Yes
2023-08-01,2618,5,3,3,Yes
2023-03-21,2619,1,2,1,No
2023-02-04,2620,4,3,4,Yes
2023-01-02,2621,3,5,4,Yes
2022-10-06,2622,3,5,1,Yes
2022-11-10,2623,2,5,3,No
2023-01-24,2624,1,4,3,No
2022-10-11,2625,5,5,3,No
2022-10-23,2626,1,4,2,No
2022-08-15,2627,5,3,3,No
2022-12-06,2628,5,4,2,Yes
2022-10-24,2629,1,5,4,No
2022-09-04,2630,1,5,4,Yes
2023-01-08,2631,5,1,4,Yes
2023-07-07,2632,1,4,2,Yes
2023-07-01,2633,5,2,3,Yes
2022-12-12,2634,3,5,3,No
2023-06-21,2635,3,1,3,No
2022-12-20,2636,5,3,3,No
2023-06-27,2637,2,2,2,Yes
2023-04-28,2638,1,2,2,No
2023-01-31,2639,1,3,3,Yes
2023-07-17,2640,1,5,2,No
2022-11-25,2641,2,3,5,No
2022-12-09,2642,2,3,1,Yes
2023-05-01,2643,4,3,5,No
2022-11-22,2644,4,1,2,No
2022-10-25,2645,4,3,5,Yes
2022-12-14,2646,4,2,2,Yes
2022-08-23,2647,5,5,3,Yes
2023-04-22,2648,4,2,1,Yes
2022-12-26,2649,4,4,1,Yes
2023-03-24,2650,1,1,1,Yes
2023-05-31,2651,1,3,2,Yes
2022-11-11,2652,1,4,2,No
2023-02-23,2653,4,5,3,No
2023-03-07,2654,4,1,3,No
2022-08-29,2655,2,5,5,Yes
2023-03-15,2656,5,4,3,No
2023-03-04,2657,4,3,3,No
2022-10-22,2658,3,1,1,No
2023-05-22,2659,5,3,2,Yes
2022-08-23,2660,5,1,1,Yes
2023-02-25,2661,3,3,2,Yes
2023-07-08,2662,4,1,1,Yes
2022-08-07,2663,3,4,1,No
2023-06-13,2664,5,2,2,Yes
2022-10-05,2665,1,5,5,Yes
2023-05-24,2666,5,5,3,No
2022-12-28,2667,3,2,3,No
2023-04-28,2668,4,4,1,No
2023-04-27,2669,4,2,1,Yes
2023-06-26,2670,4,2,1,Yes
2023-02-12,2671,1,2,5,Yes
2023-06-04,2672,5,2,2,No
2022-10-13,2673,5,1,1,Yes
2022-11-06,2674,1,1,4,Yes
2023-01-30,2675,2,4,4,No
2022-10-16,2676,4,3,4,No
2022-11-29,2677,2,1,5,No
2023-07-18,2678,5,3,3,Yes
2023-02-02,2679,4,4,1,Yes
2022-08-31,2680,1,4,4,No
2023-07-22,2681,3,3,3,No
2022-11-02,2682,1,2,2,Yes
2022-12-23,2683,3,4,2,Yes
2022-09-14,2684,3,4,2,Yes
2023-07-09,2685,3,1,1,No
2023-01-23,2686,5,3,4,Yes
2023-02-20,2687,4,5,5,Yes
2022-11-21,2688,2,3,3,Yes
2022-10-06,2689,2,1,1,Yes
2022-10-29,2690,1,3,2,No
2022-12-21,2691,4,1,1,Yes
2023-05-04,2692,4,5,2,No
2022-11-06,2693,2,5,2,Yes
2022-12-29,2694,3,4,4,No
2022-12-04,2695,5,2,3,No
2023-05-13,2696,3,1,3,No
2023-05-30,2697,1,5,3,Yes
2023-05-24,2698,5,4,5,Yes
2022-12-07,2699,1,1,5,No
2023-01-17,2700,3,5,1,Yes
2023-07-20,2701,5,5,3,Yes
2023-04-12,2702,5,1,2,Yes
2023-05-27,2703,1,5,4,Yes
2022-09-14,2704,2,4,4,No
2023-07-08,2705,3,2,2,Yes
2022-12-18,2706,3,2,5,No
2023-01-28,2707,1,2,1,Yes
2023-01-15,2708,1,3,5,No
2022-08-28,2709,1,2,2,Yes
2022-08-12,2710,4,2,3,Yes
2023-02-07,2711,4,2,5,Yes
2023-06-24,2712,3,2,5,Yes
2022-12-22,2713,5,2,4,Yes
2022-10-20,2714,3,1,3,No
2023-01-11,2715,3,5,1,No
2022-09-28,2716,3,2,2,No
2023-07-25,2717,1,1,2,Yes
2023-06-01,2718,3,5,5,Yes
2022-11-09,2719,5,5,5,Yes
2022-12-12,2720,3,3,2,No
2023-03-26,2721,1,4,3,Yes
2022-12-18,2722,3,4,2,Yes
2023-01-31,2723,3,1,5,No
2023-01-01,2724,5,3,4,Yes
2023-01-30,2725,4,1,5,Yes
2023-07-29,2726,2,4,2,No
2023-06-17,2727,1,3,3,No
2022-12-03,2728,3,2,1,Yes
2023-02-24,2729,3,5,1,Yes
2022-09-16,2730,2,3,4,Yes
2023-04-26,2731,2,3,2,Yes
2022-11-04,2732,1,5,3,Yes
2023-04-03,2733,3,4,1,Yes
2023-05-14,2734,2,2,3,Yes
2023-06-02,2735,5,1,2,Yes
2022-11-26,2736,4,2,2,Yes
2022-09-20,2737,5,5,3,No
2023-03-16,2738,4,3,1,No
2023-06-26,2739,1,2,5,No
2023-06-06,2740,2,5,1,Yes
2022-10-09,2741,4,3,1,No
2022-11-25,2742,5,3,4,Yes
2022-08-31,2743,3,2,5,No
2023-06-25,2744,2,4,2,Yes
2023-01-13,2745,1,2,2,Yes
2023-07-13,2746,4,4,5,No
2023-05-13,2747,3,1,5,No
2023-08-04,2748,5,2,5,Yes
2023-06-24,2749,5,3,4,No
2023-07-11,2750,3,4,4,Yes
2022-12-27,2751,3,1,2,No
2023-05-07,2752,3,5,1,Yes
2023-05-05,2753,3,1,4,Yes
2023-02-14,2754,1,5,1,Yes
2022-12-15,2755,5,5,4,Yes
2022-10-30,2756,1,3,1,Yes
2023-04-30,2757,3,4,2,No
2023-02-15,2758,1,3,1,Yes
2022-11-06,2759,3,1,3,Yes
2022-09-26,2760,2,1,4,No
2023-02-15,2761,1,4,3,No
2023-01-08,2762,3,1,2,No
2022-08-05,2763,4,2,4,Yes
2022-10-22,2764,2,4,3,No
2023-01-05,2765,3,1,3,Yes
2022-09-22,2766,3,5,5,No
2022-12-14,2767,3,3,4,Yes
2022-08-20,2768,2,1,5,Yes
2022-08-07,2769,3,1,3,Yes
2023-02-25,2770,1,2,3,Yes
2023-01-28,2771,2,4,2,No
2023-04-25,2772,2,4,5,Yes
2023-05-29,2773,2,5,4,Yes
2023-05-28,2774,1,5,3,Yes
2023-08-04,2775,1,4,3,Yes
2022-12-26,2776,5,3,5,Yes
2023-08-02,2777,5,1,3,No
2023-02-19,2778,1,1,4,Yes
2022-08-28,2779,4,1,1,No
2022-08-29,2780,3,5,2,Yes
2023-02-12,2781,1,2,2,No
2022-10-07,2782,3,5,3,Yes
2023-01-06,2783,3,1,1,No
2023-01-09,2784,4,3,4,Yes
2022-08-15,2785,3,1,5,Yes
2022-12-07,2786,4,3,1,Yes
2023-04-10,2787,4,2,5,Yes
2023-05-29,2788,4,1,3,No
2022-12-03,2789,1,2,2,No
2023-01-03,2790,1,5,2,No
2023-01-19,2791,1,3,1,Yes
2022-09-09,2792,3,4,4,No
2023-03-27,2793,2,5,3,Yes
2022-09-03,2794,5,4,4,Yes
2023-06-06,2795,5,1,1,No
2023-08-05,2796,2,4,2,No
2022-08-05,2797,2,1,2,Yes
2023-05-29,2798,3,4,2,Yes
2023-02-01,2799,2,1,1,No
2023-06-20,2800,1,2,2,Yes
2022-09-20,2801,1,3,4,Yes
2023-07-01,2802,2,3,5,Yes
2022-11-04,2803,4,4,5,Yes
2022-12-05,2804,5,4,2,Yes
2023-05-19,2805,5,3,2,Yes
2023-04-14,2806,1,3,1,Yes
2023-01-13,2807,3,2,4,No
2023-03-13,2808,5,2,4,Yes
2023-02-13,2809,1,1,5,Yes
2023-07-13,2810,2,5,5,No
2023-04-13,2811,3,4,3,No
2022-08-14,2812,3,2,5,Yes
2022-08-28,2813,4,4,2,Yes
2023-07-13,2814,4,1,1,Yes
2022-09-22,2815,2,5,3,No
2023-07-13,2816,4,2,4,Yes
2022-08-12,2817,4,1,5,No
2023-06-21,2818,4,3,3,No
2022-12-31,2819,2,3,4,No
2022-10-16,2820,2,1,5,Yes
2023-04-12,2821,2,5,5,No
2023-05-24,2822,2,3,3,Yes
2023-01-23,2823,5,2,1,No
2022-09-09,2824,1,4,1,Yes
2023-02-22,2825,5,4,4,Yes
2023-06-29,2826,4,3,4,No
2022-08-30,2827,4,4,5,Yes
2023-02-26,2828,5,5,3,Yes
2023-02-07,2829,2,5,3,Yes
2022-12-09,2830,1,2,2,Yes
2023-07-13,2831,5,1,4,Yes
2022-11-14,2832,4,5,5,Yes
2022-09-02,2833,2,5,2,Yes
2023-04-30,2834,5,3,3,No
2023-03-30,2835,4,5,3,No
2022-08-13,2836,5,4,1,Yes
2022-08-08,2837,4,1,4,Yes
2023-07-03,2838,4,4,2,No
2022-10-23,2839,1,4,5,No
2023-05-07,2840,3,2,3,Yes
2022-10-10,2841,2,2,2,Yes
2022-11-10,2842,2,1,5,Yes
2022-10-03,2843,5,1,4,Yes
2023-07-14,2844,2,5,2,Yes
2022-11-14,2845,3,4,2,Yes
2023-04-05,2846,1,1,4,No
2022-12-01,2847,1,2,2,No
2022-08-11,2848,2,1,1,Yes
2023-02-09,2849,5,1,1,Yes
2023-03-31,2850,4,1,4,No
2022-10-16,2851,4,3,3,Yes
2023-02-02,2852,2,1,2,Yes
2023-07-31,2853,5,1,1,No
2023-03-05,2854,1,3,4,Yes
2023-03-27,2855,3,5,5,Yes
2023-01-23,2856,4,5,2,Yes
2022-12-24,2857,5,2,5,No
2023-07-12,2858,1,2,5,No
2022-08-19,2859,1,3,3,Yes
2023-01-31,2860,2,1,4,No
2023-07-21,2861,2,4,5,Yes
2023-03-10,2862,1,2,3,No
2023-03-13,2863,2,2,1,Yes
2022-11-16,2864,1,3,4,Yes
2022-10-23,2865,2,2,3,No
2023-07-09,2866,3,3,2,Yes
2023-03-07,2867,3,1,3,Yes
2023-02-13,2868,3,4,1,Yes
2023-03-24,2869,2,5,4,Yes
2022-11-28,2870,5,3,2,No
2023-05-31,2871,2,5,2,No
2023-06-08,2872,3,5,1,No
2022-12-15,2873,4,2,3,Yes
2023-03-14,2874,3,5,1,Yes
2023-06-12,2875,3,5,4,No
2022-12-21,2876,3,3,2,No
2023-03-02,2877,2,4,1,No
2022-12-09,2878,2,3,3,No
2023-01-07,2879,1,5,2,Yes
2023-01-13,2880,1,1,2,No
2022-10-20,2881,5,4,1,No
2023-01-10,2882,3,2,5,No
2023-06-14,2883,4,3,4,Yes
2022-08-08,2884,3,2,4,Yes
2023-01-20,2885,1,5,5,No
2023-02-17,2886,5,5,1,Yes
2023-06-24,2887,5,1,1,No
2023-06-01,2888,5,2,5,No
2023-06-10,2889,2,2,1,Yes
2023-01-17,2890,3,5,5,Yes
2023-05-27,2891,5,2,3,No
2023-02-05,2892,2,1,5,No
2022-10-14,2893,3,1,1,Yes
2023-01-20,2894,1,4,4,Yes
2023-05-31,2895,1,2,5,Yes
2023-07-01,2896,5,4,1,Yes
2023-04-04,2897,3,5,2,Yes
2022-11-20,2898,1,4,3,Yes
2022-10-24,2899,1,5,3,No
2022-10-29,2900,1,4,1,Yes
2023-05-20,2901,1,4,5,No
2022-10-23,2902,5,4,3,Yes
2022-08-09,2903,3,3,5,No
2022-08-27,2904,4,2,4,No
2022-09-10,2905,2,5,1,No
2023-07-15,2906,2,5,4,Yes
2023-03-15,2907,1,4,5,Yes
2023-05-14,2908,4,2,5,Yes
2023-02-13,2909,2,4,4,Yes
2023-05-05,2910,5,1,3,Yes
2022-10-27,2911,5,2,2,Yes
2023-07-07,2912,3,5,3,Yes
2023-05-05,2913,4,1,2,Yes
2023-05-29,2914,5,3,3,Yes
2023-04-29,2915,3,4,2,Yes
2023-02-20,2916,4,4,2,No
2023-01-17,2917,1,4,5,Yes
2022-12-11,2918,4,3,1,No
2023-06-11,2919,5,1,2,Yes
2023-02-04,2920,2,4,4,Yes
2023-03-15,2921,5,2,3,No
2023-04-29,2922,4,2,5,Yes
2023-05-06,2923,5,1,2,No
2023-05-16,2924,5,4,4,Yes
2023-07-30,2925,1,3,1,No
2022-09-10,2926,1,1,1,No
2023-07-31,2927,4,2,2,No
2022-08-28,2928,5,4,1,Yes
2023-01-28,2929,1,3,4,No
2023-06-19,2930,1,4,2,Yes
2022-09-20,2931,5,4,4,No
2023-04-28,2932,4,4,3,Yes
2023-05-02,2933,3,1,4,Yes
2022-11-16,2934,4,3,1,No
2023-02-14,2935,5,1,1,Yes
2022-09-18,2936,4,3,1,No
2022-12-09,2937,1,4,4,Yes
2023-01-30,2938,2,5,1,Yes
2023-04-13,2939,4,3,3,No
2023-04-18,2940,5,1,3,Yes
2022-12-14,2941,5,2,5,Yes
2022-10-17,2942,3,3,4,No
2022-10-18,2943,4,1,5,Yes
2023-05-21,2944,2,4,1,Yes
2022-09-21,2945,4,2,1,No
2023-01-20,2946,4,5,3,Yes
2023-02-11,2947,3,4,2,Yes
2022-10-04,2948,2,4,5,Yes
2023-02-02,2949,2,2,2,Yes
2022-08-21,2950,3,3,5,No
2023-05-31,2951,3,1,3,Yes
2023-04-01,2952,5,3,2,Yes
2023-06-01,2953,2,3,4,Yes
2023-07-24,2954,5,2,1,No
2023-06-12,2955,5,2,3,No
2023-02-06,2956,5,4,1,Yes
2023-02-21,2957,1,3,4,Yes
2023-05-16,2958,1,2,4,Yes
2023-07-05,2959,1,5,2,No
2022-09-23,2960,2,4,3,Yes
2023-02-12,2961,2,2,4,Yes
2022-12-19,2962,1,2,3,Yes
2022-10-02,2963,1,3,2,Yes
2022-12-15,2964,4,1,3,Yes
2023-07-13,2965,4,4,5,No
2023-03-06,2966,5,2,5,Yes
2022-08-11,2967,2,3,1,No
2023-05-23,2968,1,5,4,Yes
2022-11-21,2969,4,5,5,No
2022-10-23,2970,5,5,5,No
2022-10-14,2971,3,5,4,No
2022-11-24,2972,3,4,3,No
2022-12-09,2973,1,3,3,Yes
2022-11-26,2974,4,5,4,Yes
2022-12-29,2975,2,3,4,No
2022-09-02,2976,4,3,1,No
2023-03-21,2977,2,4,3,Yes
2022-08-29,2978,5,2,4,Yes
2023-01-08,2979,4,5,4,Yes
2023-02-06,2980,1,3,5,Yes
2022-09-21,2981,5,3,2,Yes
2022-09-13,2982,5,4,3,Yes
2023-07-01,2983,4,5,4,Yes
2022-12-09,2984,4,1,1,No
2023-07-14,2985,3,5,2,No
2023-07-12,2986,4,5,3,Yes
2023-07-06,2987,4,3,3,Yes
2023-07-15,2988,4,4,4,No
2023-06-18,2989,2,3,3,Yes
2023-05-21,2990,2,2,3,Yes
2022-08-23,2991,5,5,3,Yes
2022-12-07,2992,1,4,2,Yes
2022-12-14,2993,5,5,1,No
2022-12-16,2994,5,5,3,Yes
2023-01-19,2995,1,5,2,No
2022-08-27,2996,3,2,2,No
2022-11-30,2997,1,2,5,Yes
2023-02-04,2998,4,3,3,No
2023-01-24,2999,2,1,4,No
2023-07-17,3000,2,2,5,Yes
2023-04-13,3001,5,4,3,No
2022-09-10,3002,3,3,3,Yes
2023-01-17,3003,4,3,5,Yes
2022-10-21,3004,4,3,4,No
2023-01-18,3005,4,5,1,Yes
2023-02-28,3006,3,5,2,Yes
2023-05-15,3007,2,5,3,No
2023-04-09,3008,2,1,4,No
2022-10-27,3009,1,2,4,No
2022-11-19,3010,1,5,5,No
2022-12-07,3011,4,4,3,No
2023-01-22,3012,3,5,1,No
2023-07-13,3013,5,2,4,Yes
2023-03-19,3014,3,4,2,No
2022-12-04,3015,5,5,5,Yes
2022-11-29,3016,3,1,2,Yes
2022-09-28,3017,3,5,3,No
2022-09-13,3018,1,1,4,Yes
2022-09-11,3019,3,4,2,Yes
2023-07-28,3020,2,5,1,Yes
2022-10-19,3021,5,3,4,Yes
2023-02-05,3022,2,2,3,No
2022-09-19,3023,3,5,3,No
2023-03-05,3024,4,5,5,Yes
2023-01-25,3025,3,4,5,Yes
2022-10-17,3026,3,2,4,Yes
2023-02-17,3027,3,2,4,No
2023-04-01,3028,5,4,1,No
2023-02-08,3029,1,1,3,No
2022-12-05,3030,2,2,5,Yes
2022-12-20,3031,2,3,2,Yes
2023-07-06,3032,1,3,2,Yes
2022-08-28,3033,3,3,5,No
2022-10-11,3034,1,4,2,Yes
2023-04-06,3035,2,4,5,Yes
2023-02-25,3036,1,4,2,Yes
2023-01-14,3037,3,4,2,Yes
2022-10-06,3038,5,5,5,No
2023-08-03,3039,4,2,1,Yes
2022-10-23,3040,5,1,4,Yes
2023-05-18,3041,5,5,4,Yes
2023-01-13,3042,4,1,2,No
2023-05-01,3043,5,3,3,Yes
2023-06-07,3044,1,1,3,No
2023-01-12,3045,5,4,1,Yes
2023-03-06,3046,2,5,3,No
2022-11-13,3047,4,2,1,Yes
2023-02-04,3048,2,2,3,No
2022-10-10,3049,5,3,2,No
2022-09-26,3050,1,3,4,Yes
2023-02-09,3051,3,5,5,No
2023-07-22,3052,5,1,3,No
2023-02-03,3053,2,1,3,No
2022-11-14,3054,5,5,2,Yes
2022-09-29,3055,5,1,3,No
2023-04-08,3056,5,5,2,Yes
2023-02-06,3057,1,2,5,Yes
2023-07-04,3058,4,1,1,No
2023-03-28,3059,2,1,3,Yes
2022-09-14,3060,5,2,4,Yes
2023-07-19,3061,5,1,3,Yes
2023-05-20,3062,3,4,1,Yes
2022-10-06,3063,1,5,1,Yes
2022-12-02,3064,2,2,5,No
2022-12-01,3065,3,1,2,No
2022-12-04,3066,5,4,1,No
2022-12-26,3067,3,1,2,Yes
2023-05-12,3068,3,2,1,No
2023-05-14,3069,1,2,3,No
2023-04-15,3070,1,5,4,No
2022-09-19,3071,1,4,2,No
2022-11-01,3072,2,4,1,No
2023-01-03,3073,2,3,5,Yes
2022-10-23,3074,1,3,2,No
2023-07-20,3075,5,3,1,Yes
2022-10-08,3076,2,1,5,No
2023-07-05,3077,2,1,2,No
2023-01-28,3078,1,1,5,Yes
2022-11-12,3079,3,5,3,No
2023-02-05,3080,3,3,5,No
2023-04-20,3081,3,3,1,Yes
2023-07-30,3082,4,3,4,Yes
2023-02-24,3083,4,4,3,Yes
2022-12-06,3084,5,3,3,No
2022-12-10,3085,4,3,5,Yes
2023-07-13,3086,4,2,2,Yes
2022-08-23,3087,4,3,4,No
2022-11-05,3088,5,3,5,Yes
2023-06-08,3089,5,3,5,Yes
2023-01-15,3090,3,2,4,No
2023-02-10,3091,2,2,4,No
2023-04-15,3092,4,4,1,Yes
2022-12-31,3093,3,4,5,No
2023-04-26,3094,2,3,1,No
2023-07-21,3095,5,2,3,Yes
2023-05-05,3096,1,3,2,No
2022-09-08,3097,5,3,4,No
2023-05-23,3098,3,5,4,Yes
2022-09-07,3099,5,4,4,No
2023-04-25,3100,1,5,2,No
2023-06-08,3101,5,4,1,Yes
2023-01-01,3102,1,2,3,No
2023-01-26,3103,2,5,2,No
2022-10-11,3104,5,2,3,Yes
2022-10-31,3105,2,1,2,No
2023-04-29,3106,5,1,2,Yes
2022-12-10,3107,2,1,4,No
2023-07-15,3108,1,4,1,No
2022-10-06,3109,1,2,1,Yes
2022-12-30,3110,1,2,1,Yes
2023-07-27,3111,2,5,2,Yes
2023-02-20,3112,5,2,3,No
2022-10-07,3113,5,2,5,No
2022-08-24,3114,2,2,2,Yes
2023-06-29,3115,1,3,5,No
2023-03-18,3116,2,1,4,Yes
2022-08-30,3117,2,3,1,Yes
2022-10-25,3118,3,2,3,No
2022-12-23,3119,4,5,2,Yes
2023-04-10,3120,1,5,3,No
2023-04-13,3121,4,1,3,No
2023-04-03,3122,1,1,5,No
2023-07-12,3123,5,2,2,Yes
2022-08-13,3124,2,4,2,No
2023-07-08,3125,3,5,4,No
2022-08-19,3126,4,5,1,Yes
2023-04-09,3127,4,5,5,No
2023-04-25,3128,3,5,4,Yes
2023-03-31,3129,4,2,4,Yes
2022-12-28,3130,4,3,3,Yes
2022-08-07,3131,3,2,5,No
2023-06-19,3132,2,2,1,No
2022-09-21,3133,1,5,1,No
2022-11-20,3134,3,2,1,Yes
2022-10-24,3135,1,2,1,Yes
2023-06-21,3136,5,3,5,Yes
2023-03-23,3137,1,2,4,Yes
2023-07-10,3138,5,3,1,No
2022-11-29,3139,3,2,1,Yes
2023-05-07,3140,1,1,1,Yes
2023-02-16,3141,3,1,4,Yes
2022-08-10,3142,4,5,1,Yes
2023-07-31,3143,1,4,1,Yes
2022-12-18,3144,3,4,3,Yes
2023-06-13,3145,1,2,1,No
2022-09-05,3146,5,1,1,Yes
2023-07-24,3147,2,2,5,Yes
2023-06-24,3148,4,5,1,No
2023-03-31,3149,2,1,4,Yes
2022-08-29,3150,3,2,2,Yes
2023-02-24,3151,3,3,1,Yes
2023-04-28,3152,1,3,1,No
2022-11-04,3153,1,5,3,No
2023-06-03,3154,1,3,5,Yes
2022-08-18,3155,2,5,4,No
2023-01-27,3156,4,2,2,No
2023-04-11,3157,4,1,3,No
2023-02-02,3158,1,1,3,No
2023-04-23,3159,1,1,2,No
2022-08-20,3160,5,5,3,Yes
2023-07-15,3161,1,5,4,No
2023-03-20,3162,4,4,2,No
2023-03-19,3163,2,4,5,Yes
2022-10-02,3164,4,2,3,No
2023-06-17,3165,1,5,5,No
2023-01-26,3166,2,4,1,No
2023-02-27,3167,5,2,1,Yes
2023-08-05,3168,5,2,2,No
2023-04-27,3169,3,2,3,No
2022-11-28,3170,1,3,2,Yes
2023-01-08,3171,4,1,5,No
2022-09-02,3172,2,3,1,Yes
2023-07-13,3173,5,4,3,No
2023-01-02,3174,1,5,5,Yes
2023-02-03,3175,5,4,1,No
2023-02-09,3176,5,3,5,No
2023-04-20,3177,3,4,2,No
2022-10-07,3178,5,2,1,Yes
2023-05-27,3179,5,2,1,No
2023-01-30,3180,2,1,1,No
2023-04-05,3181,5,4,1,No
2022-08-15,3182,3,3,4,No
2023-05-06,3183,1,1,4,Yes
2023-07-03,3184,3,1,4,Yes
2022-08-20,3185,5,4,5,Yes
2023-06-12,3186,5,2,3,No
2023-01-02,3187,4,2,2,Yes
2023-07-23,3188,5,2,4,Yes
2023-02-17,3189,4,3,4,No
2022-10-15,3190,4,5,5,Yes
2023-02-24,3191,1,2,2,No
2023-06-26,3192,5,4,1,No
2023-08-05,3193,1,1,5,Yes
2022-12-26,3194,2,5,5,Yes
2023-03-23,3195,5,4,1,No
2022-10-31,3196,3,3,1,No
2022-09-20,3197,5,5,2,Yes
2023-01-04,3198,1,3,1,Yes
2022-08-31,3199,1,4,4,Yes
2023-05-28,3200,5,1,3,Yes
2022-12-27,3201,1,4,5,Yes
2022-12-25,3202,2,5,1,Yes
2022-11-11,3203,4,4,2,No
2022-12-27,3204,4,1,1,No
2022-11-03,3205,3,1,3,No
2022-09-13,3206,2,4,4,Yes
2023-01-13,3207,4,4,5,Yes
2023-03-22,3208,5,1,3,No
2023-01-13,3209,3,3,1,Yes
2023-07-11,3210,3,5,1,Yes
2022-10-09,3211,1,5,3,No
2023-03-09,3212,2,5,4,No
2023-01-08,3213,2,5,1,No
2023-04-14,3214,3,1,2,Yes
2022-11-12,3215,4,3,5,Yes
2023-03-29,3216,1,4,3,Yes
2022-11-01,3217,1,2,1,No
2023-01-13,3218,2,2,5,Yes
2023-02-06,3219,3,3,4,Yes
2022-08-22,3220,5,4,3,No
2023-04-01,3221,1,3,5,No
2022-10-18,3222,2,5,1,Yes
2022-11-11,3223,4,4,2,Yes
2023-04-29,3224,2,4,5,Yes
2022-09-30,3225,3,1,1,Yes
2022-10-06,3226,1,2,3,Yes
2022-11-21,3227,3,5,2,No
2022-11-13,3228,3,5,3,No
2022-09-29,3229,4,3,4,No
2023-04-08,3230,4,3,1,Yes
2022-12-11,3231,5,3,3,Yes
2023-07-01,3232,5,2,3,No
2022-12-31,3233,5,3,1,No
2023-04-09,3234,1,3,4,Yes
2022-10-22,3235,3,4,1,No
2023-04-28,3236,2,4,1,No
2023-02-10,3237,5,1,2,Yes
2023-04-05,3238,5,3,5,No
2023-06-13,3239,5,2,5,Yes
2022-08-22,3240,2,5,4,No
2023-06-03,3241,1,5,3,Yes
2023-06-09,3242,3,3,1,No
2022-11-25,3243,2,3,1,Yes
2023-03-25,3244,2,1,1,Yes
2022-11-18,3245,3,5,2,No
2023-05-03,3246,1,1,4,No
2023-06-26,3247,2,5,4,Yes
2022-11-04,3248,4,3,3,Yes
2023-02-03,3249,3,2,5,Yes
2022-11-15,3250,1,1,3,Yes
2023-04-09,3251,5,1,2,No
2023-08-05,3252,1,3,1,Yes
2023-03-28,3253,1,3,1,No
2022-10-30,3254,2,4,1,No
2023-02-17,3255,1,4,1,No
2023-07-04,3256,4,1,4,Yes
2022-10-09,3257,1,3,5,Yes
2022-10-16,3258,4,4,3,No
2022-11-07,3259,5,2,1,No
2022-10-27,3260,5,2,1,Yes
2023-06-07,3261,2,2,1,Yes
2022-10-06,3262,4,3,3,Yes
2023-06-18,3263,1,3,2,No
2023-07-19,3264,1,4,3,No
2022-09-10,3265,4,3,2,Yes
2023-01-17,3266,1,2,3,Yes
2023-06-14,3267,1,5,2,No
2023-06-30,3268,1,5,4,Yes
2022-11-30,3269,1,5,2,Yes
2022-09-26,3270,5,5,4,Yes
2023-03-12,3271,1,5,1,No
2023-03-02,3272,5,5,2,Yes
2023-05-05,3273,4,5,4,Yes
2023-06-25,3274,3,5,4,No
2023-06-25,3275,1,2,3,Yes
2023-03-20,3276,2,2,4,Yes
2023-01-07,3277,3,2,3,No
2022-10-14,3278,1,4,4,No
2023-04-01,3279,5,2,1,No
2023-08-03,3280,4,5,4,No
2023-02-27,3281,4,4,4,Yes
2023-04-30,3282,5,1,1,Yes
2022-10-19,3283,1,3,3,Yes
2022-12-09,3284,2,4,1,Yes
2023-05-29,3285,3,3,3,Yes
2023-04-25,3286,3,1,4,Yes
2023-03-31,3287,5,1,2,Yes
2023-03-31,3288,1,5,2,Yes
2023-06-13,3289,3,5,1,Yes
2023-07-14,3290,1,1,2,Yes
2023-06-28,3291,1,1,3,No
2022-08-14,3292,5,4,3,No
2023-06-29,3293,5,3,4,No
2023-01-28,3294,3,2,2,No
2022-08-11,3295,1,2,1,Yes
2022-10-13,3296,1,4,5,No
2022-10-22,3297,2,3,3,No
2022-12-12,3298,3,4,4,No
2023-01-31,3299,4,1,2,Yes
2023-02-09,3300,1,1,3,No
2022-11-10,3301,2,2,2,No
2022-09-24,3302,5,1,2,Yes
2023-03-08,3303,1,2,1,Yes
2023-06-15,3304,2,4,2,Yes
2022-08-08,3305,5,4,5,Yes
2022-12-17,3306,3,5,1,No
2022-10-23,3307,2,4,1,Yes
2023-01-05,3308,1,3,2,Yes
2023-05-31,3309,2,3,5,Yes
2022-11-04,3310,4,5,5,Yes
2023-07-31,3311,5,2,1,No
2023-06-14,3312,3,1,4,Yes
2023-05-31,3313,1,2,2,Yes
2023-01-30,3314,1,4,1,Yes
2023-06-20,3315,5,3,4,No
2022-08-10,3316,2,1,2,Yes
2023-03-11,3317,1,5,5,Yes
2022-11-17,3318,4,3,3,No
2022-08-05,3319,5,3,4,Yes
2023-01-10,3320,1,4,4,Yes
2023-01-05,3321,4,1,3,Yes
2022-11-27,3322,2,5,4,No
2022-11-09,3323,5,3,5,No
2022-09-06,3324,3,2,5,No
2023-03-20,3325,4,5,5,No
2023-06-24,3326,4,1,3,Yes
2022-12-13,3327,5,1,1,Yes
2023-05-19,3328,2,5,4,No
2022-12-03,3329,4,4,3,Yes
2023-04-26,3330,1,3,3,Yes
2022-08-26,3331,1,5,5,No
2023-03-29,3332,2,4,5,Yes
2022-12-23,3333,2,3,1,No
2022-08-18,3334,1,4,2,No
2022-12-01,3335,5,1,3,No
2023-01-25,3336,4,4,2,No
2023-02-21,3337,5,5,2,Yes
2023-03-28,3338,3,2,4,Yes
2023-08-01,3339,1,1,3,Yes
2022-12-14,3340,5,2,3,Yes
2023-03-20,3341,3,5,3,No
2022-12-12,3342,3,4,1,Yes
2023-07-21,3343,4,2,5,No
2023-07-13,3344,5,4,1,Yes
2023-02-22,3345,1,1,3,No
2023-05-25,3346,5,3,2,No
2023-05-06,3347,4,2,1,No
2022-09-18,3348,5,2,1,Yes
2022-12-01,3349,1,4,3,Yes
2022-10-30,3350,2,1,1,No
2023-02-14,3351,4,2,3,No
2023-01-22,3352,2,5,2,No
2023-01-11,3353,2,3,2,Yes
2022-09-02,3354,1,4,1,Yes
2023-07-08,3355,1,3,3,No
2022-08-10,3356,2,5,1,Yes
2022-12-07,3357,3,3,1,Yes
2022-09-27,3358,1,1,2,Yes
2023-04-29,3359,3,1,3,Yes
2023-06-25,3360,4,4,1,Yes
2023-03-23,3361,1,3,3,No
2023-03-19,3362,1,5,1,Yes
2023-06-22,3363,4,4,2,Yes
2023-03-18,3364,1,5,2,No
2023-07-25,3365,1,1,4,Yes
2022-08-21,3366,4,5,5,No
2022-09-11,3367,4,1,5,No
2023-06-15,3368,5,1,4,No
2023-06-16,3369,2,5,4,No
2023-07-30,3370,3,5,3,Yes
2022-08-08,3371,4,2,5,No
2023-07-13,3372,1,3,1,No
2023-08-03,3373,2,4,4,Yes
2023-03-17,3374,1,3,3,No
2023-01-24,3375,2,4,3,No
2022-08-19,3376,4,1,2,No
2022-12-19,3377,3,5,3,Yes
2023-04-12,3378,5,1,4,Yes
2022-12-31,3379,2,1,4,No
2022-09-05,3380,4,3,2,No
2022-10-03,3381,1,5,2,No
2022-11-10,3382,3,5,5,Yes
2022-11-12,3383,3,2,3,No
2023-06-27,3384,2,1,2,Yes
2022-12-21,3385,2,1,4,Yes
2023-01-01,3386,2,1,5,No
2023-04-19,3387,1,3,4,Yes
2022-10-09,3388,3,1,3,Yes
2023-02-11,3389,2,3,1,Yes
2023-08-02,3390,2,4,2,No
2023-07-05,3391,4,3,1,Yes
2022-10-02,3392,3,4,2,No
2023-05-21,3393,3,4,4,Yes
2023-04-06,3394,1,5,5,Yes
2023-05-30,3395,4,4,3,No
2022-09-13,3396,4,3,3,No
2023-03-22,3397,3,3,2,Yes
2022-08-15,3398,5,2,1,Yes
2023-05-23,3399,4,4,5,Yes
2022-12-30,3400,2,5,3,Yes
2022-11-06,3401,4,4,1,Yes
2023-04-23,3402,1,4,4,No
2023-03-06,3403,4,4,3,No
2023-03-22,3404,4,1,1,No
2022-08-16,3405,2,1,1,Yes
2023-07-16,3406,5,5,4,No
2023-05-09,3407,1,3,5,Yes
2023-06-02,3408,2,2,4,No
2022-10-03,3409,5,5,4,No
2022-09-04,3410,4,3,4,Yes
2022-10-30,3411,2,3,2,Yes
2022-09-24,3412,5,4,4,Yes
2022-12-22,3413,1,2,5,Yes
2023-02-06,3414,5,2,4,Yes
2023-06-08,3415,2,5,1,No
2022-08-26,3416,1,2,1,Yes
2023-05-21,3417,2,5,5,Yes
2023-06-26,3418,5,3,4,Yes
2022-11-25,3419,2,5,2,Yes
2023-03-08,3420,2,3,3,No
2023-02-15,3421,5,4,2,No
2023-06-08,3422,1,1,3,No
2022-09-19,3423,4,5,3,Yes
2023-03-14,3424,2,4,5,No
2022-12-25,3425,5,2,3,No
2022-08-24,3426,1,3,2,Yes
2023-01-14,3427,1,2,3,Yes
2022-09-09,3428,2,1,5,No
2023-05-27,3429,1,2,1,Yes
2023-06-16,3430,5,5,4,Yes
2022-11-25,3431,2,5,3,Yes
2022-12-12,3432,2,3,5,Yes
2023-03-25,3433,1,5,2,Yes
2023-04-21,3434,1,4,2,No
2022-12-09,3435,4,3,3,Yes
2023-07-30,3436,5,5,2,No
2022-10-15,3437,3,2,5,No
2022-10-28,3438,4,2,5,No
2022-10-30,3439,1,2,5,Yes
2022-09-24,3440,1,4,5,Yes
2022-10-30,3441,4,2,5,Yes
2022-10-31,3442,2,5,3,No
2023-04-29,3443,2,2,4,Yes
2022-12-14,3444,1,2,4,No
2023-05-07,3445,4,5,2,Yes
2023-05-21,3446,4,3,5,Yes
2023-05-08,3447,5,1,4,Yes
2023-03-28,3448,5,1,5,No
2023-06-30,3449,3,2,1,No
2023-01-18,3450,4,3,5,No
2023-04-29,3451,5,1,2,No
2023-01-19,3452,5,5,2,Yes
2022-09-17,3453,5,5,3,No
2023-03-14,3454,4,4,2,Yes
2022-08-12,3455,2,1,1,No
2023-03-30,3456,4,3,4,Yes
2023-04-21,3457,5,1,4,Yes
2023-02-14,3458,2,5,5,Yes
2022-10-26,3459,4,4,3,No
2022-11-16,3460,4,3,3,Yes
2023-04-24,3461,1,4,4,No
2022-11-08,3462,3,3,1,No
2022-09-18,3463,4,3,4,No
2022-12-29,3464,2,5,3,No
2023-05-19,3465,5,4,3,Yes
2023-08-04,3466,1,3,4,No
2023-06-27,3467,4,3,2,Yes
2023-02-05,3468,3,1,3,Yes
2023-08-01,3469,5,5,1,No
2023-05-06,3470,1,2,3,No
2023-04-30,3471,2,4,1,Yes
2023-07-26,3472,5,5,4,Yes
2023-06-28,3473,3,4,4,No
2023-05-09,3474,3,1,2,Yes
2023-01-25,3475,4,3,4,Yes
2023-03-03,3476,5,5,3,No
2022-12-05,3477,1,2,1,Yes
2022-11-29,3478,3,4,1,No
2022-11-03,3479,4,4,4,Yes
2023-07-25,3480,1,5,3,No
2023-03-02,3481,5,2,4,No
2022-10-22,3482,4,5,5,No
2022-10-23,3483,1,4,5,Yes
2022-09-16,3484,1,2,4,Yes
2023-05-07,3485,2,1,3,Yes
2022-08-27,3486,3,1,1,No
2022-09-23,3487,5,4,1,No
2023-03-11,3488,1,5,1,Yes
2022-12-03,3489,2,4,5,Yes
2022-10-12,3490,5,3,2,Yes
2022-09-10,3491,3,4,5,Yes
2023-01-13,3492,1,5,5,Yes
2023-04-02,3493,3,1,5,Yes
2022-12-15,3494,1,2,1,Yes
2022-09-08,3495,4,3,5,No
2022-12-26,3496,1,3,2,Yes
2022-09-18,3497,2,3,4,Yes
2023-06-19,3498,3,3,4,Yes
2023-07-21,3499,5,3,5,No
2023-05-14,3500,4,1,4,No
2023-02-20,3501,2,3,4,No
2023-04-24,3502,5,3,5,Yes
2023-01-28,3503,5,2,3,Yes
2023-04-20,3504,3,4,3,Yes
2022-11-10,3505,4,3,2,Yes
2023-06-27,3506,2,2,3,No
2023-03-31,3507,2,5,2,Yes
2023-04-17,3508,1,5,4,Yes
2022-12-03,3509,4,5,2,Yes
2022-08-22,3510,2,4,3,Yes
2023-05-11,3511,5,4,5,No
2023-02-20,3512,5,1,3,No
2023-05-11,3513,4,1,3,Yes
2022-08-25,3514,2,1,1,Yes
2023-07-03,3515,3,5,5,No
2022-11-15,3516,2,3,5,Yes
2023-01-01,3517,4,1,1,Yes
2023-05-13,3518,4,2,5,No
2023-06-10,3519,1,3,4,No
2022-09-17,3520,5,1,1,Yes
2022-09-19,3521,1,3,3,Yes
2023-07-14,3522,1,5,4,Yes
2023-02-27,3523,3,2,3,No
2023-05-19,3524,3,2,4,No
2023-02-01,3525,1,2,1,No
2023-01-28,3526,1,5,3,Yes
2023-02-27,3527,1,3,2,No
2023-05-27,3528,5,2,2,Yes
2023-07-15,3529,2,3,4,No
2022-11-27,3530,1,2,5,Yes
2023-02-24,3531,2,4,4,No
2022-10-08,3532,2,2,5,Yes
2023-01-08,3533,2,5,2,Yes
2023-04-14,3534,4,3,2,Yes
2022-11-01,3535,1,5,1,No
2022-10-09,3536,1,2,4,Yes
2022-09-09,3537,4,2,5,Yes
2023-04-20,3538,1,5,4,No
2023-02-06,3539,3,3,4,Yes
2023-06-25,3540,2,2,3,No
2022-11-28,3541,1,3,3,Yes
2022-10-18,3542,2,3,4,No
2023-02-11,3543,4,5,5,Yes
2022-09-14,3544,3,5,3,No
2023-05-27,3545,2,5,2,Yes
2023-05-10,3546,2,5,5,No
2022-12-24,3547,2,4,2,Yes
2022-10-06,3548,5,5,3,Yes
2023-04-19,3549,1,4,1,No
2023-01-23,3550,3,5,4,No
2023-06-03,3551,4,4,3,Yes
2022-10-14,3552,3,4,2,No
2022-10-30,3553,4,2,4,Yes
2023-06-07,3554,2,1,2,Yes
2023-01-13,3555,2,5,1,Yes
2023-06-11,3556,2,2,3,No
2023-04-20,3557,4,5,2,Yes
2022-10-05,3558,2,5,3,Yes
2022-12-27,3559,3,2,1,No
2023-01-09,3560,2,4,5,Yes
2022-11-20,3561,2,1,5,No
2022-11-27,3562,2,1,3,Yes
2023-01-31,3563,4,1,3,Yes
2023-03-12,3564,4,4,3,No
2022-09-29,3565,5,5,5,Yes
2023-01-27,3566,1,2,3,Yes
2023-08-04,3567,2,3,2,Yes
2023-02-07,3568,2,4,1,No
2022-12-24,3569,1,3,5,No
2023-01-02,3570,2,5,3,No
2022-11-23,3571,4,1,5,Yes
2022-12-05,3572,5,5,5,No
2022-12-31,3573,4,1,1,No
2023-07-07,3574,3,3,3,No
2023-06-26,3575,5,1,5,No
2023-03-23,3576,2,3,3,Yes
2022-08-14,3577,5,4,5,Yes
2022-10-14,3578,1,4,2,Yes
2023-04-27,3579,5,3,3,Yes
2022-10-21,3580,2,4,3,Yes
2022-08-29,3581,3,4,4,Yes
2022-09-17,3582,2,2,5,No
2023-07-05,3583,4,1,4,No
2023-05-28,3584,2,2,5,Yes
2023-01-12,3585,1,2,3,Yes
2023-01-31,3586,4,2,4,No
2023-05-24,3587,1,2,2,No
2023-05-10,3588,4,2,1,No
2022-09-18,3589,2,3,2,Yes
2022-12-06,3590,2,5,4,No
2023-07-27,3591,2,1,4,No
2022-11-15,3592,4,1,2,No
2022-10-07,3593,4,4,3,Yes
2023-01-23,3594,1,5,1,Yes
2023-01-19,3595,2,3,1,No
2022-10-19,3596,4,3,4,Yes
2022-10-27,3597,5,4,4,No
2023-07-01,3598,2,5,4,Yes
2023-03-02,3599,4,4,2,Yes
2023-07-04,3600,2,1,4,Yes
2022-09-01,3601,1,1,2,No
2023-08-04,3602,3,3,3,No
2022-10-08,3603,5,1,3,No
2022-12-15,3604,3,5,4,No
2023-07-09,3605,5,1,3,Yes
2023-03-27,3606,3,5,1,No
2023-07-18,3607,2,4,1,No
2023-01-12,3608,1,3,1,Yes
2022-11-05,3609,2,2,4,Yes
2022-12-14,3610,4,5,5,Yes
2022-09-16,3611,2,3,4,Yes
2023-07-07,3612,5,3,3,Yes
2022-10-13,3613,1,5,2,Yes
2023-07-04,3614,4,5,1,No
2023-02-06,3615,3,1,4,No
2023-08-04,3616,1,1,1,Yes
2023-02-26,3617,2,3,3,Yes
2022-12-06,3618,3,4,5,No
2023-04-30,3619,1,5,2,Yes
2022-08-29,3620,1,2,2,No
2023-06-23,3621,2,3,2,Yes
2023-07-26,3622,3,1,5,No
2022-12-04,3623,2,2,5,Yes
2023-01-09,3624,2,2,2,Yes
2022-08-28,3625,5,2,4,No
2023-02-24,3626,2,5,1,Yes
2023-01-29,3627,1,1,4,No
2023-05-27,3628,4,3,1,Yes
2022-11-18,3629,2,4,4,Yes
2022-10-19,3630,5,3,2,Yes
2023-02-10,3631,4,1,5,No
2023-02-27,3632,3,4,5,No
2022-11-04,3633,4,4,4,Yes
2023-06-25,3634,2,5,2,Yes
2022-10-07,3635,1,5,4,Yes
2022-12-08,3636,3,5,3,Yes
2023-05-07,3637,2,1,3,Yes
2023-05-15,3638,4,5,1,No
2023-03-17,3639,3,2,3,No
2023-07-25,3640,2,1,2,Yes
2022-11-07,3641,2,5,4,No
2022-10-08,3642,4,1,2,No
2023-06-18,3643,1,5,3,Yes
2022-11-11,3644,4,4,4,Yes
2023-06-08,3645,1,3,3,Yes
2023-07-30,3646,5,4,4,Yes
2022-12-28,3647,2,4,4,No
2022-09-28,3648,3,3,5,Yes
2022-09-08,3649,1,2,2,Yes
2023-06-30,3650,3,2,4,No
2022-10-25,3651,1,4,1,Yes
2022-09-01,3652,1,5,2,No
2023-05-31,3653,4,4,3,Yes
2023-01-02,3654,2,4,1,Yes
2023-04-05,3655,1,5,1,Yes
2022-11-14,3656,5,3,2,Yes
2023-03-26,3657,4,2,4,Yes
2023-08-02,3658,5,4,2,No
2022-08-26,3659,3,1,5,No
2022-08-30,3660,3,2,4,Yes
2023-07-06,3661,3,2,5,No
2023-07-14,3662,3,5,3,Yes
2023-04-26,3663,2,3,4,No
2023-05-30,3664,5,3,2,No
2023-03-02,3665,5,2,1,Yes
2023-04-26,3666,5,2,1,No
2022-11-18,3667,1,1,2,No
2023-06-29,3668,1,5,1,No
2023-04-11,3669,4,2,4,No
2022-08-16,3670,2,2,3,Yes
2023-01-10,3671,3,4,5,No
2022-11-30,3672,3,2,4,Yes
2023-06-08,3673,3,3,1,No
2023-04-02,3674,4,4,3,No
2023-05-05,3675,5,3,2,No
2022-09-07,3676,3,4,1,Yes
2023-07-25,3677,3,5,5,Yes
2022-11-20,3678,3,4,4,Yes
2022-10-26,3679,4,2,5,Yes
2023-04-23,3680,3,2,3,Yes
2022-08-13,3681,5,2,5,Yes
2023-07-30,3682,3,3,3,Yes
2022-10-25,3683,2,1,5,No
2023-04-16,3684,5,5,3,No
2023-01-03,3685,4,3,4,No
2023-01-03,3686,3,3,1,No
2022-09-02,3687,2,4,5,Yes
2022-12-02,3688,4,4,4,No
2022-08-17,3689,4,4,3,Yes
2023-05-31,3690,4,3,5,No
2022-12-07,3691,1,1,5,Yes
2023-02-17,3692,4,5,3,Yes
2023-04-09,3693,3,1,1,No
2023-03-20,3694,3,3,5,No
2022-08-28,3695,1,1,4,No
2022-12-01,3696,2,1,2,Yes
2023-07-20,3697,3,4,1,Yes
2023-01-19,3698,2,5,4,No
2023-06-21,3699,2,4,3,No
2023-01-18,3700,4,1,1,Yes
2023-06-10,3701,4,1,4,Yes
2023-02-24,3702,2,4,1,Yes
2023-06-02,3703,5,5,5,No
2023-07-07,3704,2,4,5,No
2023-05-25,3705,3,1,4,No
2023-07-17,3706,2,1,4,Yes
2023-03-24,3707,3,2,4,Yes
2022-08-21,3708,5,5,2,Yes
2023-05-08,3709,3,5,3,No
2023-02-28,3710,5,5,3,Yes
2022-12-14,3711,4,3,3,Yes
2023-01-25,3712,2,3,1,No
2022-10-30,3713,3,4,1,Yes
2023-07-21,3714,3,5,2,Yes
2023-05-20,3715,1,1,4,Yes
2022-11-19,3716,5,3,3,Yes
2023-01-01,3717,4,1,3,No
2022-10-05,3718,1,1,3,No
2022-11-27,3719,1,2,1,Yes
2023-05-15,3720,2,1,5,No
2023-02-07,3721,5,4,5,No
2023-06-01,3722,1,5,5,No
2023-06-18,3723,2,1,4,No
2023-02-04,3724,1,2,5,No
2023-05-17,3725,4,3,3,Yes
2022-10-01,3726,1,4,1,No
2022-10-11,3727,1,2,5,Yes
2023-04-18,3728,5,1,2,Yes
2023-03-19,3729,4,5,3,Yes
2023-02-20,3730,4,5,5,Yes
2023-04-11,3731,2,4,1,No
2022-12-12,3732,3,4,4,Yes
2023-08-05,3733,1,3,5,No
2023-07-31,3734,4,5,2,Yes
2023-02-03,3735,4,4,4,Yes
2022-09-14,3736,3,1,3,Yes
2022-09-09,3737,2,5,1,Yes
2022-09-19,3738,3,3,5,Yes
2023-05-23,3739,1,3,4,No
2023-06-23,3740,2,2,4,No
2022-09-01,3741,2,5,4,No
2023-01-07,3742,2,1,1,Yes
2022-08-11,3743,2,1,3,Yes
2022-09-05,3744,4,3,2,Yes
2023-01-13,3745,5,4,4,No
2022-11-06,3746,2,1,5,Yes
2023-04-26,3747,2,5,5,No
2022-11-18,3748,4,1,3,Yes
2023-04-01,3749,1,3,3,Yes
2022-12-07,3750,4,1,5,Yes
2023-04-05,3751,1,1,4,Yes
2023-08-04,3752,3,1,5,Yes
2023-02-23,3753,1,3,2,No
2023-04-23,3754,3,3,5,No
2023-07-11,3755,5,4,2,No
2022-11-23,3756,1,5,3,Yes
2023-07-24,3757,4,4,5,No
2022-10-04,3758,2,1,1,No
2022-11-28,3759,3,4,1,No
2022-10-28,3760,4,3,1,Yes
2023-05-30,3761,2,4,1,No
2022-08-06,3762,2,1,1,Yes
2023-07-09,3763,3,2,5,No
2023-07-11,3764,2,1,5,Yes
2023-01-02,3765,1,1,2,Yes
2023-05-12,3766,4,4,5,No
2023-07-09,3767,2,5,3,No
2023-01-27,3768,2,4,1,Yes
2022-09-25,3769,3,5,3,Yes
2023-05-06,3770,1,3,3,No
2022-09-25,3771,2,2,4,Yes
2022-09-10,3772,2,5,1,No
2022-10-16,3773,1,5,2,No
2023-04-11,3774,5,3,1,No
2023-04-15,3775,2,1,3,No
2022-12-13,3776,4,1,5,No
2022-10-28,3777,4,3,2,Yes
2023-02-06,3778,1,5,3,No
2023-06-18,3779,4,1,1,No
2023-05-21,3780,2,3,2,No
2022-08-09,3781,5,3,1,No
2023-07-19,3782,1,5,1,No
2023-03-07,3783,3,4,3,Yes
2023-03-04,3784,3,3,2,Yes
2023-05-05,3785,3,2,2,Yes
2022-12-29,3786,3,4,2,No
2023-03-06,3787,1,2,1,Yes
2023-05-05,3788,3,4,2,No
2022-09-25,3789,3,1,4,Yes
2023-07-31,3790,3,2,1,No
2022-09-07,3791,4,1,1,Yes
2022-09-25,3792,2,2,2,No
2023-05-15,3793,2,3,3,Yes
2022-12-05,3794,1,1,3,Yes
2022-09-29,3795,4,3,2,Yes
2023-06-28,3796,1,5,2,No
2022-09-03,3797,3,4,2,Yes
2022-11-08,3798,1,1,1,Yes
2022-12-24,3799,3,1,3,Yes
2022-12-08,3800,5,3,5,Yes
2022-11-27,3801,2,1,4,Yes
2023-01-09,3802,3,3,5,Yes
2022-12-07,3803,1,2,5,No
2023-03-07,3804,3,2,2,Yes
2022-12-31,3805,2,5,2,Yes
2023-03-13,3806,4,1,5,Yes
2022-08-17,3807,4,5,4,No
2023-01-27,3808,5,4,4,No
2022-09-04,3809,3,1,5,No
2022-12-22,3810,3,3,1,Yes
2023-05-18,3811,1,1,1,No
2023-01-11,3812,3,3,1,No
2023-06-06,3813,2,3,4,Yes
2023-07-08,3814,4,1,2,No
2023-02-23,3815,1,5,3,Yes
2022-12-26,3816,1,1,5,Yes
2023-06-24,3817,3,3,1,No
2023-01-28,3818,1,1,3,No
2023-07-01,3819,4,1,1,Yes
2023-07-26,3820,1,3,4,No
2022-12-05,3821,5,4,4,Yes
2023-03-23,3822,4,4,5,No
2022-11-16,3823,5,4,1,Yes
2023-02-13,3824,4,4,5,Yes
2022-12-22,3825,4,4,2,Yes
2022-11-17,3826,2,1,3,No
2022-12-25,3827,3,3,4,Yes
2023-02-21,3828,2,5,1,Yes
2022-10-30,3829,3,2,1,No
2022-12-28,3830,1,1,3,Yes
2023-05-19,3831,3,2,5,Yes
2022-11-03,3832,1,4,5,No
2023-02-04,3833,3,5,2,No
2023-01-25,3834,3,5,5,No
2022-10-01,3835,5,3,1,Yes
2023-03-04,3836,2,3,5,Yes
2022-10-15,3837,5,3,1,Yes
2022-12-05,3838,1,1,2,No
2023-04-04,3839,3,3,4,Yes
2023-02-03,3840,1,5,4,No
2023-05-18,3841,5,4,4,Yes
2023-07-31,3842,2,5,5,No
2022-11-16,3843,3,5,5,No
2023-02-01,3844,3,2,5,No
2023-08-05,3845,4,5,3,Yes
2023-01-27,3846,4,5,1,Yes
2022-10-04,3847,5,3,1,No
2022-10-02,3848,5,1,4,Yes
2022-09-07,3849,3,3,1,Yes
2022-10-15,3850,1,3,5,No
2022-08-27,3851,5,2,1,No
2023-05-30,3852,5,2,4,No
2023-02-04,3853,1,3,3,No
2023-07-18,3854,5,2,5,No
2023-04-24,3855,5,3,4,No
2023-01-17,3856,5,1,4,No
2022-09-18,3857,1,1,2,No
2023-05-07,3858,3,3,1,Yes
2023-08-02,3859,1,2,5,No
2023-06-26,3860,2,4,3,No
2023-07-19,3861,3,1,5,Yes
2023-01-08,3862,3,1,3,Yes
2022-11-23,3863,4,2,1,Yes
2022-11-11,3864,3,4,2,No
2023-05-26,3865,1,4,3,No
2022-09-16,3866,2,1,5,No
2022-10-31,3867,5,3,3,Yes
2022-09-16,3868,3,1,2,Yes
2023-01-07,3869,1,4,2,No
2023-02-13,3870,1,5,1,No
2023-07-15,3871,4,5,2,Yes
2022-08-15,3872,5,5,3,No
2023-03-25,3873,3,4,5,Yes
2022-10-01,3874,4,4,5,Yes
2023-02-02,3875,5,5,1,Yes
2022-11-07,3876,3,2,5,Yes
2023-06-30,3877,3,3,4,No
2023-02-23,3878,4,4,1,No
2022-12-22,3879,1,5,2,Yes
2022-09-18,3880,4,3,1,No
2022-10-20,3881,5,3,5,Yes
2022-09-19,3882,5,3,3,Yes
2023-03-13,3883,2,2,1,No
2023-07-30,3884,4,2,3,Yes
2023-07-30,3885,5,5,5,Yes
2022-08-30,3886,5,2,5,Yes
2022-11-04,3887,2,3,5,Yes
2023-05-02,3888,3,1,4,No
2023-01-26,3889,2,1,1,No
2022-10-24,3890,2,3,3,Yes
2023-07-06,3891,3,2,2,Yes
2023-07-11,3892,5,4,2,Yes
2023-01-26,3893,3,1,2,No
2022-08-14,3894,4,3,5,No
2023-07-16,3895,2,1,2,No
2023-02-14,3896,5,3,1,No
2023-02-28,3897,5,4,3,No
2022-11-04,3898,4,5,1,Yes
2023-02-04,3899,4,5,4,No
2023-03-09,3900,5,2,1,No
2023-07-10,3901,1,2,5,Yes
2023-02-02,3902,3,1,1,No
2023-02-04,3903,1,4,3,Yes
2022-09-13,3904,4,4,1,Yes
2023-06-12,3905,5,5,5,No
2023-01-18,3906,3,2,4,Yes
2023-03-07,3907,3,2,5,Yes
2022-12-25,3908,2,5,3,No
2023-05-18,3909,1,1,2,No
2022-11-29,3910,5,3,4,Yes
2023-06-06,3911,2,5,4,Yes
2023-07-23,3912,1,3,4,No
2022-09-15,3913,2,2,5,No
2023-03-15,3914,3,5,3,No
2023-02-01,3915,5,3,1,Yes
2023-03-22,3916,1,3,1,Yes
2022-09-24,3917,3,1,4,Yes
2023-05-30,3918,3,3,5,No
2023-05-02,3919,3,3,2,No
2022-11-14,3920,2,1,4,Yes
2023-06-30,3921,4,3,2,No
2023-02-15,3922,5,3,1,Yes
2022-10-27,3923,2,4,3,Yes
2022-11-07,3924,2,4,5,Yes
2023-04-27,3925,1,3,3,No
2023-07-15,3926,4,1,4,Yes
2023-05-04,3927,5,4,1,No
2023-01-04,3928,4,2,1,No
2022-10-28,3929,2,5,2,No
2023-05-06,3930,4,4,4,Yes
2022-09-30,3931,2,1,5,Yes
2023-06-23,3932,5,5,4,Yes
2023-03-27,3933,3,4,5,No
2023-04-07,3934,3,3,2,No
2023-04-05,3935,5,1,4,Yes
2023-03-25,3936,5,3,4,Yes
2022-11-21,3937,1,3,1,Yes
2022-12-16,3938,1,1,1,Yes
2023-01-09,3939,5,2,4,Yes
2022-12-25,3940,5,4,3,Yes
2023-01-26,3941,2,3,3,Yes
2023-02-02,3942,3,4,1,No
2022-08-06,3943,5,2,2,No
2023-02-26,3944,5,3,4,Yes
2023-01-03,3945,4,4,2,Yes
2023-07-23,3946,1,3,4,Yes
2023-07-28,3947,4,3,1,No
2023-03-10,3948,4,4,2,Yes
2023-04-22,3949,5,2,5,Yes
2022-10-18,3950,2,3,5,No
2023-04-01,3951,4,1,3,No
2022-12-13,3952,1,4,1,Yes
2023-03-16,3953,3,4,4,Yes
2023-06-18,3954,5,1,5,Yes
2023-06-10,3955,2,1,1,No
2022-09-26,3956,4,5,2,Yes
2023-06-07,3957,3,2,4,Yes
2023-04-10,3958,5,3,1,Yes
2023-06-30,3959,5,4,5,Yes
2023-07-14,3960,3,4,1,Yes
2022-11-20,3961,2,5,2,No
2023-05-30,3962,4,3,3,Yes
2023-07-28,3963,4,1,5,Yes
2023-03-28,3964,5,2,3,No
2023-06-08,3965,4,1,2,Yes
2022-10-03,3966,5,5,5,No
2023-01-05,3967,5,3,4,No
2022-12-14,3968,5,5,1,Yes
2022-08-09,3969,4,5,2,Yes
2023-01-14,3970,5,1,5,Yes
2023-03-23,3971,3,3,2,Yes
2022-10-29,3972,5,4,1,Yes
2022-08-17,3973,3,2,1,Yes
2023-04-04,3974,4,5,1,No
2022-11-27,3975,1,4,3,No
2023-04-25,3976,4,5,1,Yes
2023-01-06,3977,1,5,4,Yes
2022-09-04,3978,4,3,5,Yes
2022-12-09,3979,3,5,2,No
2022-10-03,3980,4,2,5,Yes
2022-10-31,3981,1,2,4,Yes
2022-10-09,3982,1,1,1,Yes
2022-12-03,3983,4,3,1,Yes
2023-02-24,3984,5,5,4,No
2022-09-28,3985,5,4,2,No
2022-10-08,3986,4,3,2,Yes
2022-12-22,3987,5,4,1,No
2023-05-20,3988,5,2,5,No
2023-04-26,3989,2,1,1,Yes
2022-08-27,3990,2,2,1,No
2022-10-11,3991,2,3,2,No
2023-07-14,3992,4,3,1,No
2022-10-16,3993,3,4,4,Yes
2023-02-14,3994,3,5,2,Yes
2023-01-05,3995,4,5,2,No
2023-04-14,3996,3,5,1,Yes
2022-09-10,3997,2,4,1,Yes
2023-02-22,3998,5,5,2,No
2022-10-02,3999,5,4,2,No
2023-04-21,4000,3,2,1,No
